path,label,pred
data/raw/EuroSAT_RGB/Industrial/Industrial_1228.jpg,4,4
data/raw/EuroSAT_RGB/Residential/Residential_1955.jpg,7,7
data/raw/EuroSAT_RGB/Industrial/Industrial_703.jpg,4,4
data/raw/EuroSAT_RGB/HerbaceousVegetation/HerbaceousVegetation_757.jpg,2,2
data/raw/EuroSAT_RGB/PermanentCrop/PermanentCrop_231.jpg,6,6
data/raw/EuroSAT_RGB/AnnualCrop/AnnualCrop_724.jpg,0,7
data/raw/EuroSAT_RGB/SeaLake/SeaLake_1915.jpg,9,1
data/raw/EuroSAT_RGB/PermanentCrop/PermanentCrop_1421.jpg,6,6
data/raw/EuroSAT_RGB/Pasture/Pasture_127.jpg,5,1
data/raw/EuroSAT_RGB/Industrial/Industrial_615.jpg,4,4
data/raw/EuroSAT_RGB/River/River_1073.jpg,8,8
data/raw/EuroSAT_RGB/River/River_2500.jpg,8,8
data/raw/EuroSAT_RGB/AnnualCrop/AnnualCrop_2232.jpg,0,0
data/raw/EuroSAT_RGB/Residential/Residential_1859.jpg,7,7
data/raw/EuroSAT_RGB/PermanentCrop/PermanentCrop_539.jpg,6,7
data/raw/EuroSAT_RGB/River/River_1516.jpg,8,8
data/raw/EuroSAT_RGB/Residential/Residential_1016.jpg,7,7
data/raw/EuroSAT_RGB/HerbaceousVegetation/HerbaceousVegetation_1507.jpg,2,7
data/raw/EuroSAT_RGB/Forest/Forest_500.jpg,1,1
data/raw/EuroSAT_RGB/Forest/Forest_1748.jpg,1,1
data/raw/EuroSAT_RGB/SeaLake/SeaLake_1105.jpg,9,1
data/raw/EuroSAT_RGB/Forest/Forest_1593.jpg,1,1
data/raw/EuroSAT_RGB/PermanentCrop/PermanentCrop_1344.jpg,6,6
data/raw/EuroSAT_RGB/SeaLake/SeaLake_2233.jpg,9,1
data/raw/EuroSAT_RGB/SeaLake/SeaLake_507.jpg,9,1
data/raw/EuroSAT_RGB/Pasture/Pasture_1365.jpg,5,1
data/raw/EuroSAT_RGB/Residential/Residential_1167.jpg,7,7
data/raw/EuroSAT_RGB/Forest/Forest_316.jpg,1,1
data/raw/EuroSAT_RGB/River/River_616.jpg,8,7
data/raw/EuroSAT_RGB/River/River_2212.jpg,8,8
data/raw/EuroSAT_RGB/River/River_485.jpg,8,8
data/raw/EuroSAT_RGB/Industrial/Industrial_1438.jpg,4,4
data/raw/EuroSAT_RGB/HerbaceousVegetation/HerbaceousVegetation_772.jpg,2,7
data/raw/EuroSAT_RGB/SeaLake/SeaLake_2247.jpg,9,1
data/raw/EuroSAT_RGB/Industrial/Industrial_1283.jpg,4,4
data/raw/EuroSAT_RGB/Forest/Forest_194.jpg,1,1
data/raw/EuroSAT_RGB/HerbaceousVegetation/HerbaceousVegetation_61.jpg,2,1
data/raw/EuroSAT_RGB/Residential/Residential_1200.jpg,7,7
data/raw/EuroSAT_RGB/Residential/Residential_1646.jpg,7,7
data/raw/EuroSAT_RGB/SeaLake/SeaLake_130.jpg,9,1
data/raw/EuroSAT_RGB/PermanentCrop/PermanentCrop_1221.jpg,6,6
data/raw/EuroSAT_RGB/AnnualCrop/AnnualCrop_2321.jpg,0,0
data/raw/EuroSAT_RGB/AnnualCrop/AnnualCrop_1559.jpg,0,6
data/raw/EuroSAT_RGB/Pasture/Pasture_408.jpg,5,1
data/raw/EuroSAT_RGB/AnnualCrop/AnnualCrop_2577.jpg,0,0
data/raw/EuroSAT_RGB/River/River_491.jpg,8,8
data/raw/EuroSAT_RGB/SeaLake/SeaLake_934.jpg,9,1
data/raw/EuroSAT_RGB/River/River_2364.jpg,8,7
data/raw/EuroSAT_RGB/River/River_489.jpg,8,8
data/raw/EuroSAT_RGB/HerbaceousVegetation/HerbaceousVegetation_1614.jpg,2,2
data/raw/EuroSAT_RGB/HerbaceousVegetation/HerbaceousVegetation_292.jpg,2,1
data/raw/EuroSAT_RGB/Industrial/Industrial_188.jpg,4,4
data/raw/EuroSAT_RGB/AnnualCrop/AnnualCrop_2165.jpg,0,0
data/raw/EuroSAT_RGB/HerbaceousVegetation/HerbaceousVegetation_161.jpg,2,2
data/raw/EuroSAT_RGB/River/River_1213.jpg,8,1
data/raw/EuroSAT_RGB/PermanentCrop/PermanentCrop_377.jpg,6,6
data/raw/EuroSAT_RGB/Industrial/Industrial_1230.jpg,4,4
data/raw/EuroSAT_RGB/Residential/Residential_2126.jpg,7,7
data/raw/EuroSAT_RGB/HerbaceousVegetation/HerbaceousVegetation_2479.jpg,2,1
data/raw/EuroSAT_RGB/River/River_1507.jpg,8,8
data/raw/EuroSAT_RGB/AnnualCrop/AnnualCrop_594.jpg,0,0
data/raw/EuroSAT_RGB/Residential/Residential_763.jpg,7,7
data/raw/EuroSAT_RGB/AnnualCrop/AnnualCrop_221.jpg,0,0
data/raw/EuroSAT_RGB/AnnualCrop/AnnualCrop_1780.jpg,0,0
data/raw/EuroSAT_RGB/HerbaceousVegetation/HerbaceousVegetation_204.jpg,2,7
data/raw/EuroSAT_RGB/SeaLake/SeaLake_775.jpg,9,1
data/raw/EuroSAT_RGB/River/River_380.jpg,8,1
data/raw/EuroSAT_RGB/AnnualCrop/AnnualCrop_755.jpg,0,1
data/raw/EuroSAT_RGB/Industrial/Industrial_1937.jpg,4,4
data/raw/EuroSAT_RGB/PermanentCrop/PermanentCrop_2252.jpg,6,1
data/raw/EuroSAT_RGB/Forest/Forest_2998.jpg,1,1
data/raw/EuroSAT_RGB/SeaLake/SeaLake_2272.jpg,9,1
data/raw/EuroSAT_RGB/Industrial/Industrial_429.jpg,4,4
data/raw/EuroSAT_RGB/Highway/Highway_321.jpg,3,3
data/raw/EuroSAT_RGB/Industrial/Industrial_774.jpg,4,4
data/raw/EuroSAT_RGB/AnnualCrop/AnnualCrop_379.jpg,0,0
data/raw/EuroSAT_RGB/AnnualCrop/AnnualCrop_965.jpg,0,0
data/raw/EuroSAT_RGB/SeaLake/SeaLake_1730.jpg,9,1
data/raw/EuroSAT_RGB/Forest/Forest_2629.jpg,1,1
data/raw/EuroSAT_RGB/Residential/Residential_1890.jpg,7,7
data/raw/EuroSAT_RGB/AnnualCrop/AnnualCrop_2818.jpg,0,0
data/raw/EuroSAT_RGB/AnnualCrop/AnnualCrop_2879.jpg,0,0
data/raw/EuroSAT_RGB/River/River_555.jpg,8,8
data/raw/EuroSAT_RGB/Pasture/Pasture_1591.jpg,5,7
data/raw/EuroSAT_RGB/Highway/Highway_327.jpg,3,3
data/raw/EuroSAT_RGB/Residential/Residential_2780.jpg,7,7
data/raw/EuroSAT_RGB/SeaLake/SeaLake_2245.jpg,9,7
data/raw/EuroSAT_RGB/PermanentCrop/PermanentCrop_1480.jpg,6,7
data/raw/EuroSAT_RGB/AnnualCrop/AnnualCrop_2798.jpg,0,3
data/raw/EuroSAT_RGB/Highway/Highway_2372.jpg,3,3
data/raw/EuroSAT_RGB/SeaLake/SeaLake_546.jpg,9,1
data/raw/EuroSAT_RGB/PermanentCrop/PermanentCrop_1050.jpg,6,7
data/raw/EuroSAT_RGB/River/River_313.jpg,8,8
data/raw/EuroSAT_RGB/SeaLake/SeaLake_2023.jpg,9,1
data/raw/EuroSAT_RGB/HerbaceousVegetation/HerbaceousVegetation_913.jpg,2,2
data/raw/EuroSAT_RGB/Forest/Forest_24.jpg,1,1
data/raw/EuroSAT_RGB/SeaLake/SeaLake_2726.jpg,9,7
data/raw/EuroSAT_RGB/River/River_2107.jpg,8,8
data/raw/EuroSAT_RGB/AnnualCrop/AnnualCrop_2761.jpg,0,0
data/raw/EuroSAT_RGB/HerbaceousVegetation/HerbaceousVegetation_2102.jpg,2,1
data/raw/EuroSAT_RGB/Pasture/Pasture_1782.jpg,5,1
data/raw/EuroSAT_RGB/HerbaceousVegetation/HerbaceousVegetation_2580.jpg,2,2
data/raw/EuroSAT_RGB/AnnualCrop/AnnualCrop_1968.jpg,0,6
data/raw/EuroSAT_RGB/Forest/Forest_2115.jpg,1,1
data/raw/EuroSAT_RGB/HerbaceousVegetation/HerbaceousVegetation_243.jpg,2,7
data/raw/EuroSAT_RGB/AnnualCrop/AnnualCrop_2037.jpg,0,2
data/raw/EuroSAT_RGB/Forest/Forest_2415.jpg,1,1
data/raw/EuroSAT_RGB/Industrial/Industrial_1193.jpg,4,4
data/raw/EuroSAT_RGB/Pasture/Pasture_575.jpg,5,7
data/raw/EuroSAT_RGB/AnnualCrop/AnnualCrop_1115.jpg,0,0
data/raw/EuroSAT_RGB/Residential/Residential_1636.jpg,7,7
data/raw/EuroSAT_RGB/AnnualCrop/AnnualCrop_967.jpg,0,1
data/raw/EuroSAT_RGB/PermanentCrop/PermanentCrop_2041.jpg,6,6
data/raw/EuroSAT_RGB/Pasture/Pasture_1962.jpg,5,1
data/raw/EuroSAT_RGB/Forest/Forest_2639.jpg,1,1
data/raw/EuroSAT_RGB/SeaLake/SeaLake_884.jpg,9,1
data/raw/EuroSAT_RGB/River/River_927.jpg,8,8
data/raw/EuroSAT_RGB/AnnualCrop/AnnualCrop_2465.jpg,0,0
data/raw/EuroSAT_RGB/SeaLake/SeaLake_1094.jpg,9,1
data/raw/EuroSAT_RGB/HerbaceousVegetation/HerbaceousVegetation_1276.jpg,2,7
data/raw/EuroSAT_RGB/PermanentCrop/PermanentCrop_2385.jpg,6,1
data/raw/EuroSAT_RGB/Industrial/Industrial_654.jpg,4,4
data/raw/EuroSAT_RGB/AnnualCrop/AnnualCrop_650.jpg,0,0
data/raw/EuroSAT_RGB/AnnualCrop/AnnualCrop_2575.jpg,0,0
data/raw/EuroSAT_RGB/Industrial/Industrial_194.jpg,4,4
data/raw/EuroSAT_RGB/Forest/Forest_2346.jpg,1,1
data/raw/EuroSAT_RGB/HerbaceousVegetation/HerbaceousVegetation_2330.jpg,2,2
data/raw/EuroSAT_RGB/PermanentCrop/PermanentCrop_1145.jpg,6,6
data/raw/EuroSAT_RGB/Industrial/Industrial_1881.jpg,4,4
data/raw/EuroSAT_RGB/Pasture/Pasture_1549.jpg,5,5
data/raw/EuroSAT_RGB/HerbaceousVegetation/HerbaceousVegetation_1896.jpg,2,2
data/raw/EuroSAT_RGB/Forest/Forest_1207.jpg,1,1
data/raw/EuroSAT_RGB/HerbaceousVegetation/HerbaceousVegetation_181.jpg,2,7
data/raw/EuroSAT_RGB/Pasture/Pasture_1766.jpg,5,1
data/raw/EuroSAT_RGB/Highway/Highway_1387.jpg,3,3
data/raw/EuroSAT_RGB/AnnualCrop/AnnualCrop_1804.jpg,0,0
data/raw/EuroSAT_RGB/Forest/Forest_622.jpg,1,1
data/raw/EuroSAT_RGB/Industrial/Industrial_2481.jpg,4,4
data/raw/EuroSAT_RGB/River/River_55.jpg,8,1
data/raw/EuroSAT_RGB/AnnualCrop/AnnualCrop_2478.jpg,0,0
data/raw/EuroSAT_RGB/Industrial/Industrial_1837.jpg,4,4
data/raw/EuroSAT_RGB/Highway/Highway_620.jpg,3,3
data/raw/EuroSAT_RGB/River/River_1877.jpg,8,8
data/raw/EuroSAT_RGB/PermanentCrop/PermanentCrop_316.jpg,6,6
data/raw/EuroSAT_RGB/HerbaceousVegetation/HerbaceousVegetation_662.jpg,2,7
data/raw/EuroSAT_RGB/Residential/Residential_900.jpg,7,7
data/raw/EuroSAT_RGB/SeaLake/SeaLake_398.jpg,9,1
data/raw/EuroSAT_RGB/SeaLake/SeaLake_2441.jpg,9,1
data/raw/EuroSAT_RGB/Forest/Forest_2229.jpg,1,1
data/raw/EuroSAT_RGB/Residential/Residential_1713.jpg,7,7
data/raw/EuroSAT_RGB/Industrial/Industrial_1336.jpg,4,4
data/raw/EuroSAT_RGB/Residential/Residential_514.jpg,7,7
data/raw/EuroSAT_RGB/Forest/Forest_2274.jpg,1,1
data/raw/EuroSAT_RGB/HerbaceousVegetation/HerbaceousVegetation_2833.jpg,2,2
data/raw/EuroSAT_RGB/PermanentCrop/PermanentCrop_2233.jpg,6,6
data/raw/EuroSAT_RGB/Highway/Highway_1048.jpg,3,3
data/raw/EuroSAT_RGB/PermanentCrop/PermanentCrop_1980.jpg,6,6
data/raw/EuroSAT_RGB/SeaLake/SeaLake_2277.jpg,9,7
data/raw/EuroSAT_RGB/Pasture/Pasture_933.jpg,5,1
data/raw/EuroSAT_RGB/PermanentCrop/PermanentCrop_2112.jpg,6,6
data/raw/EuroSAT_RGB/Residential/Residential_2844.jpg,7,7
data/raw/EuroSAT_RGB/Forest/Forest_1979.jpg,1,1
data/raw/EuroSAT_RGB/SeaLake/SeaLake_508.jpg,9,9
data/raw/EuroSAT_RGB/SeaLake/SeaLake_2979.jpg,9,1
data/raw/EuroSAT_RGB/Highway/Highway_435.jpg,3,3
data/raw/EuroSAT_RGB/Residential/Residential_2574.jpg,7,7
data/raw/EuroSAT_RGB/SeaLake/SeaLake_1842.jpg,9,1
data/raw/EuroSAT_RGB/Pasture/Pasture_264.jpg,5,1
data/raw/EuroSAT_RGB/Industrial/Industrial_346.jpg,4,4
data/raw/EuroSAT_RGB/Pasture/Pasture_1922.jpg,5,1
data/raw/EuroSAT_RGB/Pasture/Pasture_1823.jpg,5,1
data/raw/EuroSAT_RGB/PermanentCrop/PermanentCrop_1462.jpg,6,6
data/raw/EuroSAT_RGB/SeaLake/SeaLake_2861.jpg,9,7
data/raw/EuroSAT_RGB/SeaLake/SeaLake_2431.jpg,9,1
data/raw/EuroSAT_RGB/PermanentCrop/PermanentCrop_683.jpg,6,6
data/raw/EuroSAT_RGB/AnnualCrop/AnnualCrop_2294.jpg,0,0
data/raw/EuroSAT_RGB/PermanentCrop/PermanentCrop_472.jpg,6,7
data/raw/EuroSAT_RGB/SeaLake/SeaLake_1476.jpg,9,1
data/raw/EuroSAT_RGB/Residential/Residential_556.jpg,7,7
data/raw/EuroSAT_RGB/Forest/Forest_2413.jpg,1,1
data/raw/EuroSAT_RGB/Highway/Highway_374.jpg,3,3
data/raw/EuroSAT_RGB/Industrial/Industrial_1385.jpg,4,7
data/raw/EuroSAT_RGB/Pasture/Pasture_183.jpg,5,1
data/raw/EuroSAT_RGB/Highway/Highway_611.jpg,3,7
data/raw/EuroSAT_RGB/Highway/Highway_425.jpg,3,3
data/raw/EuroSAT_RGB/Forest/Forest_2492.jpg,1,1
data/raw/EuroSAT_RGB/Residential/Residential_945.jpg,7,7
data/raw/EuroSAT_RGB/Pasture/Pasture_974.jpg,5,7
data/raw/EuroSAT_RGB/HerbaceousVegetation/HerbaceousVegetation_2089.jpg,2,2
data/raw/EuroSAT_RGB/Highway/Highway_1417.jpg,3,3
data/raw/EuroSAT_RGB/SeaLake/SeaLake_2117.jpg,9,1
data/raw/EuroSAT_RGB/SeaLake/SeaLake_2732.jpg,9,7
data/raw/EuroSAT_RGB/SeaLake/SeaLake_678.jpg,9,1
data/raw/EuroSAT_RGB/HerbaceousVegetation/HerbaceousVegetation_959.jpg,2,2
data/raw/EuroSAT_RGB/SeaLake/SeaLake_999.jpg,9,7
data/raw/EuroSAT_RGB/Forest/Forest_694.jpg,1,1
data/raw/EuroSAT_RGB/Residential/Residential_2034.jpg,7,7
data/raw/EuroSAT_RGB/AnnualCrop/AnnualCrop_1560.jpg,0,0
data/raw/EuroSAT_RGB/SeaLake/SeaLake_131.jpg,9,1
data/raw/EuroSAT_RGB/AnnualCrop/AnnualCrop_10.jpg,0,0
data/raw/EuroSAT_RGB/Industrial/Industrial_12.jpg,4,4
data/raw/EuroSAT_RGB/HerbaceousVegetation/HerbaceousVegetation_1328.jpg,2,2
data/raw/EuroSAT_RGB/Residential/Residential_1473.jpg,7,7
data/raw/EuroSAT_RGB/HerbaceousVegetation/HerbaceousVegetation_1258.jpg,2,1
data/raw/EuroSAT_RGB/Forest/Forest_518.jpg,1,1
data/raw/EuroSAT_RGB/PermanentCrop/PermanentCrop_1407.jpg,6,6
data/raw/EuroSAT_RGB/SeaLake/SeaLake_1439.jpg,9,1
data/raw/EuroSAT_RGB/Forest/Forest_1356.jpg,1,1
data/raw/EuroSAT_RGB/AnnualCrop/AnnualCrop_2737.jpg,0,5
data/raw/EuroSAT_RGB/AnnualCrop/AnnualCrop_1630.jpg,0,2
data/raw/EuroSAT_RGB/Residential/Residential_1563.jpg,7,7
data/raw/EuroSAT_RGB/Industrial/Industrial_1550.jpg,4,4
data/raw/EuroSAT_RGB/Pasture/Pasture_504.jpg,5,7
data/raw/EuroSAT_RGB/Industrial/Industrial_1285.jpg,4,4
data/raw/EuroSAT_RGB/Residential/Residential_1344.jpg,7,7
data/raw/EuroSAT_RGB/Forest/Forest_1321.jpg,1,1
data/raw/EuroSAT_RGB/AnnualCrop/AnnualCrop_2665.jpg,0,0
data/raw/EuroSAT_RGB/Forest/Forest_1304.jpg,1,1
data/raw/EuroSAT_RGB/Highway/Highway_784.jpg,3,7
data/raw/EuroSAT_RGB/SeaLake/SeaLake_590.jpg,9,1
data/raw/EuroSAT_RGB/SeaLake/SeaLake_2664.jpg,9,1
data/raw/EuroSAT_RGB/Residential/Residential_96.jpg,7,7
data/raw/EuroSAT_RGB/PermanentCrop/PermanentCrop_493.jpg,6,7
data/raw/EuroSAT_RGB/Industrial/Industrial_1104.jpg,4,4
data/raw/EuroSAT_RGB/PermanentCrop/PermanentCrop_827.jpg,6,5
data/raw/EuroSAT_RGB/HerbaceousVegetation/HerbaceousVegetation_2372.jpg,2,2
data/raw/EuroSAT_RGB/River/River_2482.jpg,8,8
data/raw/EuroSAT_RGB/AnnualCrop/AnnualCrop_241.jpg,0,0
data/raw/EuroSAT_RGB/River/River_2428.jpg,8,8
data/raw/EuroSAT_RGB/Forest/Forest_2653.jpg,1,1
data/raw/EuroSAT_RGB/PermanentCrop/PermanentCrop_267.jpg,6,6
data/raw/EuroSAT_RGB/Highway/Highway_2263.jpg,3,3
data/raw/EuroSAT_RGB/River/River_2356.jpg,8,7
data/raw/EuroSAT_RGB/Highway/Highway_649.jpg,3,3
data/raw/EuroSAT_RGB/SeaLake/SeaLake_1343.jpg,9,1
data/raw/EuroSAT_RGB/PermanentCrop/PermanentCrop_1231.jpg,6,7
data/raw/EuroSAT_RGB/Residential/Residential_1960.jpg,7,7
data/raw/EuroSAT_RGB/Industrial/Industrial_929.jpg,4,4
data/raw/EuroSAT_RGB/River/River_204.jpg,8,8
data/raw/EuroSAT_RGB/Residential/Residential_137.jpg,7,7
data/raw/EuroSAT_RGB/AnnualCrop/AnnualCrop_2858.jpg,0,0
data/raw/EuroSAT_RGB/AnnualCrop/AnnualCrop_2310.jpg,0,7
data/raw/EuroSAT_RGB/SeaLake/SeaLake_1854.jpg,9,1
data/raw/EuroSAT_RGB/Industrial/Industrial_2352.jpg,4,4
data/raw/EuroSAT_RGB/River/River_698.jpg,8,8
data/raw/EuroSAT_RGB/Forest/Forest_1172.jpg,1,1
data/raw/EuroSAT_RGB/Pasture/Pasture_1931.jpg,5,1
data/raw/EuroSAT_RGB/Pasture/Pasture_715.jpg,5,1
data/raw/EuroSAT_RGB/AnnualCrop/AnnualCrop_2984.jpg,0,0
data/raw/EuroSAT_RGB/SeaLake/SeaLake_79.jpg,9,1
data/raw/EuroSAT_RGB/Pasture/Pasture_719.jpg,5,1
data/raw/EuroSAT_RGB/HerbaceousVegetation/HerbaceousVegetation_625.jpg,2,7
data/raw/EuroSAT_RGB/SeaLake/SeaLake_69.jpg,9,1
data/raw/EuroSAT_RGB/AnnualCrop/AnnualCrop_735.jpg,0,0
data/raw/EuroSAT_RGB/SeaLake/SeaLake_1090.jpg,9,7
data/raw/EuroSAT_RGB/Forest/Forest_1386.jpg,1,1
data/raw/EuroSAT_RGB/Industrial/Industrial_614.jpg,4,4
data/raw/EuroSAT_RGB/River/River_942.jpg,8,4
data/raw/EuroSAT_RGB/Highway/Highway_1128.jpg,3,3
data/raw/EuroSAT_RGB/SeaLake/SeaLake_491.jpg,9,1
data/raw/EuroSAT_RGB/Residential/Residential_1884.jpg,7,7
data/raw/EuroSAT_RGB/Industrial/Industrial_1603.jpg,4,4
data/raw/EuroSAT_RGB/Industrial/Industrial_806.jpg,4,4
data/raw/EuroSAT_RGB/Highway/Highway_1703.jpg,3,3
data/raw/EuroSAT_RGB/Pasture/Pasture_707.jpg,5,1
data/raw/EuroSAT_RGB/HerbaceousVegetation/HerbaceousVegetation_1346.jpg,2,2
data/raw/EuroSAT_RGB/River/River_1567.jpg,8,8
data/raw/EuroSAT_RGB/SeaLake/SeaLake_1069.jpg,9,1
data/raw/EuroSAT_RGB/HerbaceousVegetation/HerbaceousVegetation_1151.jpg,2,6
data/raw/EuroSAT_RGB/AnnualCrop/AnnualCrop_2023.jpg,0,2
data/raw/EuroSAT_RGB/PermanentCrop/PermanentCrop_769.jpg,6,6
data/raw/EuroSAT_RGB/PermanentCrop/PermanentCrop_1705.jpg,6,6
data/raw/EuroSAT_RGB/HerbaceousVegetation/HerbaceousVegetation_74.jpg,2,1
data/raw/EuroSAT_RGB/HerbaceousVegetation/HerbaceousVegetation_1149.jpg,2,2
data/raw/EuroSAT_RGB/Industrial/Industrial_72.jpg,4,4
data/raw/EuroSAT_RGB/Industrial/Industrial_2377.jpg,4,7
data/raw/EuroSAT_RGB/HerbaceousVegetation/HerbaceousVegetation_814.jpg,2,2
data/raw/EuroSAT_RGB/Pasture/Pasture_1711.jpg,5,1
data/raw/EuroSAT_RGB/River/River_779.jpg,8,1
data/raw/EuroSAT_RGB/River/River_1769.jpg,8,8
data/raw/EuroSAT_RGB/HerbaceousVegetation/HerbaceousVegetation_1723.jpg,2,2
data/raw/EuroSAT_RGB/River/River_100.jpg,8,7
data/raw/EuroSAT_RGB/SeaLake/SeaLake_2147.jpg,9,1
data/raw/EuroSAT_RGB/Residential/Residential_2300.jpg,7,7
data/raw/EuroSAT_RGB/River/River_765.jpg,8,7
data/raw/EuroSAT_RGB/Highway/Highway_2170.jpg,3,7
data/raw/EuroSAT_RGB/HerbaceousVegetation/HerbaceousVegetation_1193.jpg,2,7
data/raw/EuroSAT_RGB/River/River_1795.jpg,8,8
data/raw/EuroSAT_RGB/Residential/Residential_975.jpg,7,7
data/raw/EuroSAT_RGB/AnnualCrop/AnnualCrop_1658.jpg,0,0
data/raw/EuroSAT_RGB/Forest/Forest_2471.jpg,1,1
data/raw/EuroSAT_RGB/AnnualCrop/AnnualCrop_1034.jpg,0,0
data/raw/EuroSAT_RGB/Pasture/Pasture_99.jpg,5,1
data/raw/EuroSAT_RGB/HerbaceousVegetation/HerbaceousVegetation_1679.jpg,2,1
data/raw/EuroSAT_RGB/River/River_107.jpg,8,7
data/raw/EuroSAT_RGB/Highway/Highway_2109.jpg,3,3
data/raw/EuroSAT_RGB/HerbaceousVegetation/HerbaceousVegetation_1342.jpg,2,2
data/raw/EuroSAT_RGB/Pasture/Pasture_14.jpg,5,1
data/raw/EuroSAT_RGB/Industrial/Industrial_35.jpg,4,4
data/raw/EuroSAT_RGB/Residential/Residential_175.jpg,7,7
data/raw/EuroSAT_RGB/Pasture/Pasture_1371.jpg,5,1
data/raw/EuroSAT_RGB/Forest/Forest_2350.jpg,1,1
data/raw/EuroSAT_RGB/Industrial/Industrial_1785.jpg,4,4
data/raw/EuroSAT_RGB/AnnualCrop/AnnualCrop_2095.jpg,0,1
data/raw/EuroSAT_RGB/Residential/Residential_2868.jpg,7,7
data/raw/EuroSAT_RGB/PermanentCrop/PermanentCrop_1143.jpg,6,7
data/raw/EuroSAT_RGB/Highway/Highway_2094.jpg,3,3
data/raw/EuroSAT_RGB/SeaLake/SeaLake_2328.jpg,9,1
data/raw/EuroSAT_RGB/SeaLake/SeaLake_1885.jpg,9,1
data/raw/EuroSAT_RGB/Residential/Residential_2481.jpg,7,7
data/raw/EuroSAT_RGB/Industrial/Industrial_753.jpg,4,4
data/raw/EuroSAT_RGB/Industrial/Industrial_1731.jpg,4,4
data/raw/EuroSAT_RGB/HerbaceousVegetation/HerbaceousVegetation_2128.jpg,2,6
data/raw/EuroSAT_RGB/Highway/Highway_2365.jpg,3,3
data/raw/EuroSAT_RGB/AnnualCrop/AnnualCrop_2229.jpg,0,0
data/raw/EuroSAT_RGB/SeaLake/SeaLake_2745.jpg,9,1
data/raw/EuroSAT_RGB/Pasture/Pasture_1516.jpg,5,1
data/raw/EuroSAT_RGB/River/River_574.jpg,8,8
data/raw/EuroSAT_RGB/PermanentCrop/PermanentCrop_2024.jpg,6,6
data/raw/EuroSAT_RGB/Forest/Forest_1779.jpg,1,1
data/raw/EuroSAT_RGB/Industrial/Industrial_512.jpg,4,4
data/raw/EuroSAT_RGB/Industrial/Industrial_643.jpg,4,7
data/raw/EuroSAT_RGB/Industrial/Industrial_495.jpg,4,4
data/raw/EuroSAT_RGB/AnnualCrop/AnnualCrop_1226.jpg,0,0
data/raw/EuroSAT_RGB/PermanentCrop/PermanentCrop_1929.jpg,6,6
data/raw/EuroSAT_RGB/HerbaceousVegetation/HerbaceousVegetation_2740.jpg,2,2
data/raw/EuroSAT_RGB/AnnualCrop/AnnualCrop_2862.jpg,0,0
data/raw/EuroSAT_RGB/SeaLake/SeaLake_2571.jpg,9,1
data/raw/EuroSAT_RGB/HerbaceousVegetation/HerbaceousVegetation_1504.jpg,2,2
data/raw/EuroSAT_RGB/AnnualCrop/AnnualCrop_1830.jpg,0,0
data/raw/EuroSAT_RGB/SeaLake/SeaLake_2294.jpg,9,1
data/raw/EuroSAT_RGB/SeaLake/SeaLake_2438.jpg,9,1
data/raw/EuroSAT_RGB/Residential/Residential_2382.jpg,7,7
data/raw/EuroSAT_RGB/PermanentCrop/PermanentCrop_183.jpg,6,6
data/raw/EuroSAT_RGB/Industrial/Industrial_431.jpg,4,7
data/raw/EuroSAT_RGB/AnnualCrop/AnnualCrop_384.jpg,0,0
data/raw/EuroSAT_RGB/River/River_1352.jpg,8,8
data/raw/EuroSAT_RGB/Highway/Highway_2428.jpg,3,3
data/raw/EuroSAT_RGB/Forest/Forest_1810.jpg,1,1
data/raw/EuroSAT_RGB/River/River_1943.jpg,8,8
data/raw/EuroSAT_RGB/Residential/Residential_33.jpg,7,7
data/raw/EuroSAT_RGB/Residential/Residential_2236.jpg,7,7
data/raw/EuroSAT_RGB/HerbaceousVegetation/HerbaceousVegetation_2568.jpg,2,7
data/raw/EuroSAT_RGB/HerbaceousVegetation/HerbaceousVegetation_342.jpg,2,1
data/raw/EuroSAT_RGB/PermanentCrop/PermanentCrop_1169.jpg,6,6
data/raw/EuroSAT_RGB/Highway/Highway_1117.jpg,3,3
data/raw/EuroSAT_RGB/River/River_2039.jpg,8,8
data/raw/EuroSAT_RGB/Highway/Highway_76.jpg,3,3
data/raw/EuroSAT_RGB/AnnualCrop/AnnualCrop_514.jpg,0,0
data/raw/EuroSAT_RGB/Residential/Residential_1753.jpg,7,7
data/raw/EuroSAT_RGB/SeaLake/SeaLake_619.jpg,9,1
data/raw/EuroSAT_RGB/AnnualCrop/AnnualCrop_2076.jpg,0,0
data/raw/EuroSAT_RGB/SeaLake/SeaLake_1614.jpg,9,1
data/raw/EuroSAT_RGB/Industrial/Industrial_2494.jpg,4,4
data/raw/EuroSAT_RGB/AnnualCrop/AnnualCrop_615.jpg,0,1
data/raw/EuroSAT_RGB/River/River_498.jpg,8,1
data/raw/EuroSAT_RGB/AnnualCrop/AnnualCrop_1732.jpg,0,7
data/raw/EuroSAT_RGB/HerbaceousVegetation/HerbaceousVegetation_1044.jpg,2,1
data/raw/EuroSAT_RGB/Pasture/Pasture_742.jpg,5,7
data/raw/EuroSAT_RGB/PermanentCrop/PermanentCrop_1933.jpg,6,6
data/raw/EuroSAT_RGB/PermanentCrop/PermanentCrop_2121.jpg,6,6
data/raw/EuroSAT_RGB/PermanentCrop/PermanentCrop_1087.jpg,6,6
data/raw/EuroSAT_RGB/Forest/Forest_1930.jpg,1,1
data/raw/EuroSAT_RGB/AnnualCrop/AnnualCrop_2060.jpg,0,0
data/raw/EuroSAT_RGB/Industrial/Industrial_360.jpg,4,4
data/raw/EuroSAT_RGB/HerbaceousVegetation/HerbaceousVegetation_291.jpg,2,7
data/raw/EuroSAT_RGB/HerbaceousVegetation/HerbaceousVegetation_1534.jpg,2,1
data/raw/EuroSAT_RGB/SeaLake/SeaLake_2483.jpg,9,1
data/raw/EuroSAT_RGB/AnnualCrop/AnnualCrop_1122.jpg,0,0
data/raw/EuroSAT_RGB/Industrial/Industrial_1755.jpg,4,4
data/raw/EuroSAT_RGB/HerbaceousVegetation/HerbaceousVegetation_432.jpg,2,1
data/raw/EuroSAT_RGB/Highway/Highway_755.jpg,3,3
data/raw/EuroSAT_RGB/Pasture/Pasture_878.jpg,5,7
data/raw/EuroSAT_RGB/HerbaceousVegetation/HerbaceousVegetation_1069.jpg,2,7
data/raw/EuroSAT_RGB/Residential/Residential_235.jpg,7,7
data/raw/EuroSAT_RGB/Residential/Residential_453.jpg,7,7
data/raw/EuroSAT_RGB/River/River_20.jpg,8,8
data/raw/EuroSAT_RGB/Industrial/Industrial_1852.jpg,4,4
data/raw/EuroSAT_RGB/HerbaceousVegetation/HerbaceousVegetation_734.jpg,2,7
data/raw/EuroSAT_RGB/PermanentCrop/PermanentCrop_1843.jpg,6,7
data/raw/EuroSAT_RGB/HerbaceousVegetation/HerbaceousVegetation_1803.jpg,2,1
data/raw/EuroSAT_RGB/Industrial/Industrial_384.jpg,4,4
data/raw/EuroSAT_RGB/Highway/Highway_2445.jpg,3,3
data/raw/EuroSAT_RGB/Highway/Highway_833.jpg,3,3
data/raw/EuroSAT_RGB/River/River_1431.jpg,8,8
data/raw/EuroSAT_RGB/Forest/Forest_480.jpg,1,1
data/raw/EuroSAT_RGB/River/River_2190.jpg,8,8
data/raw/EuroSAT_RGB/Residential/Residential_2944.jpg,7,7
data/raw/EuroSAT_RGB/Residential/Residential_2302.jpg,7,7
data/raw/EuroSAT_RGB/Residential/Residential_2993.jpg,7,7
data/raw/EuroSAT_RGB/Forest/Forest_2012.jpg,1,1
data/raw/EuroSAT_RGB/PermanentCrop/PermanentCrop_195.jpg,6,6
data/raw/EuroSAT_RGB/Forest/Forest_601.jpg,1,1
data/raw/EuroSAT_RGB/Forest/Forest_1895.jpg,1,1
data/raw/EuroSAT_RGB/River/River_1800.jpg,8,8
data/raw/EuroSAT_RGB/HerbaceousVegetation/HerbaceousVegetation_946.jpg,2,2
data/raw/EuroSAT_RGB/AnnualCrop/AnnualCrop_1333.jpg,0,0
data/raw/EuroSAT_RGB/SeaLake/SeaLake_1174.jpg,9,1
data/raw/EuroSAT_RGB/PermanentCrop/PermanentCrop_2323.jpg,6,7
data/raw/EuroSAT_RGB/Pasture/Pasture_442.jpg,5,7
data/raw/EuroSAT_RGB/River/River_1318.jpg,8,8
data/raw/EuroSAT_RGB/River/River_1232.jpg,8,7
data/raw/EuroSAT_RGB/Residential/Residential_1297.jpg,7,7
data/raw/EuroSAT_RGB/Highway/Highway_193.jpg,3,3
data/raw/EuroSAT_RGB/AnnualCrop/AnnualCrop_2692.jpg,0,1
data/raw/EuroSAT_RGB/PermanentCrop/PermanentCrop_1861.jpg,6,6
data/raw/EuroSAT_RGB/Highway/Highway_591.jpg,3,3
data/raw/EuroSAT_RGB/River/River_1655.jpg,8,8
data/raw/EuroSAT_RGB/Forest/Forest_994.jpg,1,1
data/raw/EuroSAT_RGB/HerbaceousVegetation/HerbaceousVegetation_1774.jpg,2,1
data/raw/EuroSAT_RGB/SeaLake/SeaLake_2905.jpg,9,1
data/raw/EuroSAT_RGB/Highway/Highway_670.jpg,3,3
data/raw/EuroSAT_RGB/Residential/Residential_2375.jpg,7,7
data/raw/EuroSAT_RGB/AnnualCrop/AnnualCrop_1486.jpg,0,7
data/raw/EuroSAT_RGB/Forest/Forest_2383.jpg,1,1
data/raw/EuroSAT_RGB/Pasture/Pasture_1710.jpg,5,5
data/raw/EuroSAT_RGB/Pasture/Pasture_1034.jpg,5,7
data/raw/EuroSAT_RGB/Highway/Highway_207.jpg,3,3
data/raw/EuroSAT_RGB/HerbaceousVegetation/HerbaceousVegetation_2954.jpg,2,2
data/raw/EuroSAT_RGB/Pasture/Pasture_1651.jpg,5,1
data/raw/EuroSAT_RGB/PermanentCrop/PermanentCrop_2333.jpg,6,6
data/raw/EuroSAT_RGB/HerbaceousVegetation/HerbaceousVegetation_396.jpg,2,2
data/raw/EuroSAT_RGB/Industrial/Industrial_145.jpg,4,4
data/raw/EuroSAT_RGB/AnnualCrop/AnnualCrop_393.jpg,0,0
data/raw/EuroSAT_RGB/Highway/Highway_315.jpg,3,3
data/raw/EuroSAT_RGB/SeaLake/SeaLake_2820.jpg,9,7
data/raw/EuroSAT_RGB/Forest/Forest_1294.jpg,1,1
data/raw/EuroSAT_RGB/AnnualCrop/AnnualCrop_981.jpg,0,0
data/raw/EuroSAT_RGB/AnnualCrop/AnnualCrop_156.jpg,0,0
data/raw/EuroSAT_RGB/SeaLake/SeaLake_1001.jpg,9,1
data/raw/EuroSAT_RGB/SeaLake/SeaLake_1415.jpg,9,1
data/raw/EuroSAT_RGB/PermanentCrop/PermanentCrop_67.jpg,6,0
data/raw/EuroSAT_RGB/Residential/Residential_1489.jpg,7,7
data/raw/EuroSAT_RGB/Industrial/Industrial_711.jpg,4,7
data/raw/EuroSAT_RGB/Residential/Residential_1207.jpg,7,7
data/raw/EuroSAT_RGB/River/River_975.jpg,8,8
data/raw/EuroSAT_RGB/HerbaceousVegetation/HerbaceousVegetation_892.jpg,2,2
data/raw/EuroSAT_RGB/SeaLake/SeaLake_2130.jpg,9,3
data/raw/EuroSAT_RGB/Forest/Forest_321.jpg,1,1
data/raw/EuroSAT_RGB/PermanentCrop/PermanentCrop_1061.jpg,6,7
data/raw/EuroSAT_RGB/HerbaceousVegetation/HerbaceousVegetation_502.jpg,2,2
data/raw/EuroSAT_RGB/Pasture/Pasture_716.jpg,5,7
data/raw/EuroSAT_RGB/SeaLake/SeaLake_6.jpg,9,1
data/raw/EuroSAT_RGB/Pasture/Pasture_1127.jpg,5,7
data/raw/EuroSAT_RGB/AnnualCrop/AnnualCrop_1105.jpg,0,0
data/raw/EuroSAT_RGB/Highway/Highway_1110.jpg,3,3
data/raw/EuroSAT_RGB/River/River_1480.jpg,8,3
data/raw/EuroSAT_RGB/SeaLake/SeaLake_1737.jpg,9,1
data/raw/EuroSAT_RGB/HerbaceousVegetation/HerbaceousVegetation_306.jpg,2,1
data/raw/EuroSAT_RGB/Industrial/Industrial_862.jpg,4,4
data/raw/EuroSAT_RGB/AnnualCrop/AnnualCrop_1518.jpg,0,0
data/raw/EuroSAT_RGB/Forest/Forest_2944.jpg,1,1
data/raw/EuroSAT_RGB/Pasture/Pasture_1772.jpg,5,1
data/raw/EuroSAT_RGB/SeaLake/SeaLake_1173.jpg,9,1
data/raw/EuroSAT_RGB/Forest/Forest_698.jpg,1,1
data/raw/EuroSAT_RGB/Residential/Residential_759.jpg,7,7
data/raw/EuroSAT_RGB/Highway/Highway_296.jpg,3,7
data/raw/EuroSAT_RGB/Pasture/Pasture_326.jpg,5,7
data/raw/EuroSAT_RGB/Industrial/Industrial_2441.jpg,4,4
data/raw/EuroSAT_RGB/River/River_706.jpg,8,8
data/raw/EuroSAT_RGB/SeaLake/SeaLake_335.jpg,9,7
data/raw/EuroSAT_RGB/PermanentCrop/PermanentCrop_1553.jpg,6,6
data/raw/EuroSAT_RGB/Highway/Highway_1572.jpg,3,3
data/raw/EuroSAT_RGB/Industrial/Industrial_106.jpg,4,4
data/raw/EuroSAT_RGB/Pasture/Pasture_500.jpg,5,7
data/raw/EuroSAT_RGB/PermanentCrop/PermanentCrop_287.jpg,6,6
data/raw/EuroSAT_RGB/Forest/Forest_473.jpg,1,1
data/raw/EuroSAT_RGB/Industrial/Industrial_1452.jpg,4,4
data/raw/EuroSAT_RGB/Highway/Highway_350.jpg,3,3
data/raw/EuroSAT_RGB/Forest/Forest_953.jpg,1,1
data/raw/EuroSAT_RGB/SeaLake/SeaLake_456.jpg,9,1
data/raw/EuroSAT_RGB/PermanentCrop/PermanentCrop_1987.jpg,6,6
data/raw/EuroSAT_RGB/Highway/Highway_156.jpg,3,3
data/raw/EuroSAT_RGB/Industrial/Industrial_322.jpg,4,4
data/raw/EuroSAT_RGB/Pasture/Pasture_979.jpg,5,1
data/raw/EuroSAT_RGB/Pasture/Pasture_1719.jpg,5,7
data/raw/EuroSAT_RGB/PermanentCrop/PermanentCrop_520.jpg,6,7
data/raw/EuroSAT_RGB/HerbaceousVegetation/HerbaceousVegetation_649.jpg,2,2
data/raw/EuroSAT_RGB/Forest/Forest_1218.jpg,1,1
data/raw/EuroSAT_RGB/PermanentCrop/PermanentCrop_1157.jpg,6,4
data/raw/EuroSAT_RGB/Residential/Residential_2857.jpg,7,7
data/raw/EuroSAT_RGB/PermanentCrop/PermanentCrop_1526.jpg,6,6
data/raw/EuroSAT_RGB/River/River_1718.jpg,8,1
data/raw/EuroSAT_RGB/HerbaceousVegetation/HerbaceousVegetation_1058.jpg,2,7
data/raw/EuroSAT_RGB/HerbaceousVegetation/HerbaceousVegetation_1072.jpg,2,7
data/raw/EuroSAT_RGB/SeaLake/SeaLake_2779.jpg,9,1
data/raw/EuroSAT_RGB/SeaLake/SeaLake_251.jpg,9,9
data/raw/EuroSAT_RGB/Highway/Highway_2400.jpg,3,3
data/raw/EuroSAT_RGB/PermanentCrop/PermanentCrop_2063.jpg,6,6
data/raw/EuroSAT_RGB/PermanentCrop/PermanentCrop_223.jpg,6,6
data/raw/EuroSAT_RGB/Residential/Residential_1116.jpg,7,7
data/raw/EuroSAT_RGB/SeaLake/SeaLake_728.jpg,9,1
data/raw/EuroSAT_RGB/Highway/Highway_1277.jpg,3,3
data/raw/EuroSAT_RGB/SeaLake/SeaLake_22.jpg,9,1
data/raw/EuroSAT_RGB/Industrial/Industrial_428.jpg,4,4
data/raw/EuroSAT_RGB/Industrial/Industrial_1529.jpg,4,7
data/raw/EuroSAT_RGB/Pasture/Pasture_863.jpg,5,1
data/raw/EuroSAT_RGB/Residential/Residential_28.jpg,7,7
data/raw/EuroSAT_RGB/HerbaceousVegetation/HerbaceousVegetation_1573.jpg,2,7
data/raw/EuroSAT_RGB/PermanentCrop/PermanentCrop_1398.jpg,6,6
data/raw/EuroSAT_RGB/HerbaceousVegetation/HerbaceousVegetation_309.jpg,2,1
data/raw/EuroSAT_RGB/River/River_1145.jpg,8,8
data/raw/EuroSAT_RGB/Residential/Residential_1352.jpg,7,7
data/raw/EuroSAT_RGB/HerbaceousVegetation/HerbaceousVegetation_220.jpg,2,7
data/raw/EuroSAT_RGB/Industrial/Industrial_2156.jpg,4,4
data/raw/EuroSAT_RGB/SeaLake/SeaLake_2161.jpg,9,1
data/raw/EuroSAT_RGB/Industrial/Industrial_2290.jpg,4,4
data/raw/EuroSAT_RGB/SeaLake/SeaLake_405.jpg,9,7
data/raw/EuroSAT_RGB/AnnualCrop/AnnualCrop_256.jpg,0,0
data/raw/EuroSAT_RGB/Highway/Highway_434.jpg,3,3
data/raw/EuroSAT_RGB/Highway/Highway_2120.jpg,3,3
data/raw/EuroSAT_RGB/Highway/Highway_40.jpg,3,3
data/raw/EuroSAT_RGB/Industrial/Industrial_2314.jpg,4,4
data/raw/EuroSAT_RGB/HerbaceousVegetation/HerbaceousVegetation_947.jpg,2,2
data/raw/EuroSAT_RGB/Residential/Residential_1265.jpg,7,7
data/raw/EuroSAT_RGB/Highway/Highway_2162.jpg,3,3
data/raw/EuroSAT_RGB/Residential/Residential_1159.jpg,7,7
data/raw/EuroSAT_RGB/AnnualCrop/AnnualCrop_2039.jpg,0,0
data/raw/EuroSAT_RGB/Industrial/Industrial_2434.jpg,4,4
data/raw/EuroSAT_RGB/PermanentCrop/PermanentCrop_88.jpg,6,6
data/raw/EuroSAT_RGB/Highway/Highway_209.jpg,3,3
data/raw/EuroSAT_RGB/Residential/Residential_321.jpg,7,7
data/raw/EuroSAT_RGB/Industrial/Industrial_1951.jpg,4,4
data/raw/EuroSAT_RGB/AnnualCrop/AnnualCrop_2582.jpg,0,1
data/raw/EuroSAT_RGB/Industrial/Industrial_1849.jpg,4,4
data/raw/EuroSAT_RGB/Residential/Residential_2066.jpg,7,7
data/raw/EuroSAT_RGB/Highway/Highway_1742.jpg,3,3
data/raw/EuroSAT_RGB/River/River_258.jpg,8,7
data/raw/EuroSAT_RGB/Industrial/Industrial_328.jpg,4,4
data/raw/EuroSAT_RGB/Pasture/Pasture_287.jpg,5,7
data/raw/EuroSAT_RGB/Forest/Forest_1973.jpg,1,1
data/raw/EuroSAT_RGB/Industrial/Industrial_2022.jpg,4,4
data/raw/EuroSAT_RGB/HerbaceousVegetation/HerbaceousVegetation_1532.jpg,2,1
data/raw/EuroSAT_RGB/Residential/Residential_2187.jpg,7,7
data/raw/EuroSAT_RGB/Pasture/Pasture_1876.jpg,5,1
data/raw/EuroSAT_RGB/AnnualCrop/AnnualCrop_1677.jpg,0,0
data/raw/EuroSAT_RGB/Residential/Residential_803.jpg,7,7
data/raw/EuroSAT_RGB/SeaLake/SeaLake_1035.jpg,9,1
data/raw/EuroSAT_RGB/River/River_2459.jpg,8,3
data/raw/EuroSAT_RGB/Residential/Residential_981.jpg,7,7
data/raw/EuroSAT_RGB/Residential/Residential_2312.jpg,7,7
data/raw/EuroSAT_RGB/River/River_2320.jpg,8,3
data/raw/EuroSAT_RGB/SeaLake/SeaLake_2781.jpg,9,1
data/raw/EuroSAT_RGB/Highway/Highway_1130.jpg,3,3
data/raw/EuroSAT_RGB/Pasture/Pasture_637.jpg,5,7
data/raw/EuroSAT_RGB/SeaLake/SeaLake_868.jpg,9,1
data/raw/EuroSAT_RGB/AnnualCrop/AnnualCrop_2211.jpg,0,0
data/raw/EuroSAT_RGB/SeaLake/SeaLake_1752.jpg,9,1
data/raw/EuroSAT_RGB/SeaLake/SeaLake_413.jpg,9,1
data/raw/EuroSAT_RGB/Residential/Residential_2277.jpg,7,7
data/raw/EuroSAT_RGB/HerbaceousVegetation/HerbaceousVegetation_2732.jpg,2,1
data/raw/EuroSAT_RGB/AnnualCrop/AnnualCrop_2580.jpg,0,1
data/raw/EuroSAT_RGB/SeaLake/SeaLake_2029.jpg,9,1
data/raw/EuroSAT_RGB/Pasture/Pasture_1313.jpg,5,1
data/raw/EuroSAT_RGB/HerbaceousVegetation/HerbaceousVegetation_38.jpg,2,1
data/raw/EuroSAT_RGB/River/River_964.jpg,8,1
data/raw/EuroSAT_RGB/AnnualCrop/AnnualCrop_1032.jpg,0,0
data/raw/EuroSAT_RGB/PermanentCrop/PermanentCrop_1048.jpg,6,7
data/raw/EuroSAT_RGB/SeaLake/SeaLake_2411.jpg,9,1
data/raw/EuroSAT_RGB/SeaLake/SeaLake_2848.jpg,9,1
data/raw/EuroSAT_RGB/Residential/Residential_1833.jpg,7,7
data/raw/EuroSAT_RGB/HerbaceousVegetation/HerbaceousVegetation_2939.jpg,2,7
data/raw/EuroSAT_RGB/Forest/Forest_382.jpg,1,1
data/raw/EuroSAT_RGB/Highway/Highway_1202.jpg,3,3
data/raw/EuroSAT_RGB/Forest/Forest_1834.jpg,1,1
data/raw/EuroSAT_RGB/AnnualCrop/AnnualCrop_463.jpg,0,0
data/raw/EuroSAT_RGB/Pasture/Pasture_621.jpg,5,7
data/raw/EuroSAT_RGB/Forest/Forest_853.jpg,1,7
data/raw/EuroSAT_RGB/River/River_1865.jpg,8,8
data/raw/EuroSAT_RGB/PermanentCrop/PermanentCrop_702.jpg,6,7
data/raw/EuroSAT_RGB/Residential/Residential_2698.jpg,7,7
data/raw/EuroSAT_RGB/Forest/Forest_150.jpg,1,1
data/raw/EuroSAT_RGB/Highway/Highway_926.jpg,3,3
data/raw/EuroSAT_RGB/PermanentCrop/PermanentCrop_973.jpg,6,6
data/raw/EuroSAT_RGB/PermanentCrop/PermanentCrop_1703.jpg,6,7
data/raw/EuroSAT_RGB/SeaLake/SeaLake_833.jpg,9,7
data/raw/EuroSAT_RGB/Industrial/Industrial_1524.jpg,4,4
data/raw/EuroSAT_RGB/Residential/Residential_2518.jpg,7,7
data/raw/EuroSAT_RGB/SeaLake/SeaLake_595.jpg,9,1
data/raw/EuroSAT_RGB/Residential/Residential_2217.jpg,7,7
data/raw/EuroSAT_RGB/Forest/Forest_2366.jpg,1,1
data/raw/EuroSAT_RGB/Highway/Highway_300.jpg,3,3
data/raw/EuroSAT_RGB/AnnualCrop/AnnualCrop_1172.jpg,0,7
data/raw/EuroSAT_RGB/HerbaceousVegetation/HerbaceousVegetation_1119.jpg,2,1
data/raw/EuroSAT_RGB/AnnualCrop/AnnualCrop_647.jpg,0,0
data/raw/EuroSAT_RGB/River/River_2402.jpg,8,4
data/raw/EuroSAT_RGB/SeaLake/SeaLake_2103.jpg,9,1
data/raw/EuroSAT_RGB/Pasture/Pasture_50.jpg,5,7
data/raw/EuroSAT_RGB/Highway/Highway_668.jpg,3,3
data/raw/EuroSAT_RGB/AnnualCrop/AnnualCrop_1970.jpg,0,6
data/raw/EuroSAT_RGB/SeaLake/SeaLake_1816.jpg,9,1
data/raw/EuroSAT_RGB/SeaLake/SeaLake_151.jpg,9,1
data/raw/EuroSAT_RGB/River/River_836.jpg,8,7
data/raw/EuroSAT_RGB/AnnualCrop/AnnualCrop_1401.jpg,0,0
data/raw/EuroSAT_RGB/Forest/Forest_657.jpg,1,1
data/raw/EuroSAT_RGB/Residential/Residential_1086.jpg,7,7
data/raw/EuroSAT_RGB/PermanentCrop/PermanentCrop_1495.jpg,6,7
data/raw/EuroSAT_RGB/Residential/Residential_2065.jpg,7,7
data/raw/EuroSAT_RGB/River/River_2133.jpg,8,7
data/raw/EuroSAT_RGB/PermanentCrop/PermanentCrop_555.jpg,6,7
data/raw/EuroSAT_RGB/AnnualCrop/AnnualCrop_1582.jpg,0,0
data/raw/EuroSAT_RGB/HerbaceousVegetation/HerbaceousVegetation_1334.jpg,2,7
data/raw/EuroSAT_RGB/PermanentCrop/PermanentCrop_1889.jpg,6,6
data/raw/EuroSAT_RGB/AnnualCrop/AnnualCrop_2083.jpg,0,0
data/raw/EuroSAT_RGB/Pasture/Pasture_536.jpg,5,1
data/raw/EuroSAT_RGB/HerbaceousVegetation/HerbaceousVegetation_318.jpg,2,7
data/raw/EuroSAT_RGB/River/River_22.jpg,8,7
data/raw/EuroSAT_RGB/River/River_2106.jpg,8,8
data/raw/EuroSAT_RGB/River/River_261.jpg,8,1
data/raw/EuroSAT_RGB/PermanentCrop/PermanentCrop_2221.jpg,6,7
data/raw/EuroSAT_RGB/Pasture/Pasture_1915.jpg,5,7
data/raw/EuroSAT_RGB/HerbaceousVegetation/HerbaceousVegetation_659.jpg,2,7
data/raw/EuroSAT_RGB/AnnualCrop/AnnualCrop_1685.jpg,0,0
data/raw/EuroSAT_RGB/Forest/Forest_1.jpg,1,1
data/raw/EuroSAT_RGB/Highway/Highway_1559.jpg,3,3
data/raw/EuroSAT_RGB/Highway/Highway_1670.jpg,3,3
data/raw/EuroSAT_RGB/Residential/Residential_2165.jpg,7,7
data/raw/EuroSAT_RGB/Industrial/Industrial_1828.jpg,4,4
data/raw/EuroSAT_RGB/SeaLake/SeaLake_2845.jpg,9,1
data/raw/EuroSAT_RGB/Residential/Residential_2862.jpg,7,7
data/raw/EuroSAT_RGB/HerbaceousVegetation/HerbaceousVegetation_1767.jpg,2,7
data/raw/EuroSAT_RGB/Forest/Forest_794.jpg,1,1
data/raw/EuroSAT_RGB/HerbaceousVegetation/HerbaceousVegetation_344.jpg,2,1
data/raw/EuroSAT_RGB/River/River_814.jpg,8,1
data/raw/EuroSAT_RGB/Industrial/Industrial_838.jpg,4,7
data/raw/EuroSAT_RGB/Industrial/Industrial_2222.jpg,4,4
data/raw/EuroSAT_RGB/Industrial/Industrial_1412.jpg,4,4
data/raw/EuroSAT_RGB/Residential/Residential_187.jpg,7,7
data/raw/EuroSAT_RGB/AnnualCrop/AnnualCrop_2936.jpg,0,0
data/raw/EuroSAT_RGB/Highway/Highway_1094.jpg,3,7
data/raw/EuroSAT_RGB/SeaLake/SeaLake_2218.jpg,9,1
data/raw/EuroSAT_RGB/Highway/Highway_582.jpg,3,7
data/raw/EuroSAT_RGB/River/River_2111.jpg,8,8
data/raw/EuroSAT_RGB/Residential/Residential_2321.jpg,7,7
data/raw/EuroSAT_RGB/HerbaceousVegetation/HerbaceousVegetation_644.jpg,2,2
data/raw/EuroSAT_RGB/Pasture/Pasture_822.jpg,5,1
data/raw/EuroSAT_RGB/HerbaceousVegetation/HerbaceousVegetation_2402.jpg,2,2
data/raw/EuroSAT_RGB/Industrial/Industrial_2467.jpg,4,4
data/raw/EuroSAT_RGB/AnnualCrop/AnnualCrop_1665.jpg,0,7
data/raw/EuroSAT_RGB/Forest/Forest_2326.jpg,1,1
data/raw/EuroSAT_RGB/Residential/Residential_2929.jpg,7,7
data/raw/EuroSAT_RGB/Highway/Highway_389.jpg,3,3
data/raw/EuroSAT_RGB/Pasture/Pasture_973.jpg,5,1
data/raw/EuroSAT_RGB/Forest/Forest_2891.jpg,1,1
data/raw/EuroSAT_RGB/Pasture/Pasture_112.jpg,5,7
data/raw/EuroSAT_RGB/HerbaceousVegetation/HerbaceousVegetation_229.jpg,2,1
data/raw/EuroSAT_RGB/Pasture/Pasture_1069.jpg,5,1
data/raw/EuroSAT_RGB/Forest/Forest_2297.jpg,1,1
data/raw/EuroSAT_RGB/Forest/Forest_669.jpg,1,1
data/raw/EuroSAT_RGB/Residential/Residential_765.jpg,7,7
data/raw/EuroSAT_RGB/Highway/Highway_1972.jpg,3,3
data/raw/EuroSAT_RGB/Residential/Residential_2512.jpg,7,7
data/raw/EuroSAT_RGB/HerbaceousVegetation/HerbaceousVegetation_1644.jpg,2,7
data/raw/EuroSAT_RGB/River/River_239.jpg,8,8
data/raw/EuroSAT_RGB/Forest/Forest_234.jpg,1,1
data/raw/EuroSAT_RGB/Highway/Highway_472.jpg,3,7
data/raw/EuroSAT_RGB/Industrial/Industrial_1830.jpg,4,4
data/raw/EuroSAT_RGB/Residential/Residential_469.jpg,7,7
data/raw/EuroSAT_RGB/SeaLake/SeaLake_2058.jpg,9,1
data/raw/EuroSAT_RGB/Highway/Highway_646.jpg,3,3
data/raw/EuroSAT_RGB/Industrial/Industrial_744.jpg,4,4
data/raw/EuroSAT_RGB/AnnualCrop/AnnualCrop_1958.jpg,0,1
data/raw/EuroSAT_RGB/Pasture/Pasture_848.jpg,5,7
data/raw/EuroSAT_RGB/Forest/Forest_2241.jpg,1,1
data/raw/EuroSAT_RGB/River/River_1132.jpg,8,8
data/raw/EuroSAT_RGB/AnnualCrop/AnnualCrop_2656.jpg,0,0
data/raw/EuroSAT_RGB/Forest/Forest_2431.jpg,1,1
data/raw/EuroSAT_RGB/Residential/Residential_262.jpg,7,7
data/raw/EuroSAT_RGB/Residential/Residential_2145.jpg,7,7
data/raw/EuroSAT_RGB/Forest/Forest_1909.jpg,1,1
data/raw/EuroSAT_RGB/Forest/Forest_2300.jpg,1,7
data/raw/EuroSAT_RGB/PermanentCrop/PermanentCrop_1199.jpg,6,6
data/raw/EuroSAT_RGB/Residential/Residential_769.jpg,7,7
data/raw/EuroSAT_RGB/Residential/Residential_957.jpg,7,7
data/raw/EuroSAT_RGB/Residential/Residential_2523.jpg,7,7
data/raw/EuroSAT_RGB/AnnualCrop/AnnualCrop_373.jpg,0,0
data/raw/EuroSAT_RGB/HerbaceousVegetation/HerbaceousVegetation_1411.jpg,2,7
data/raw/EuroSAT_RGB/HerbaceousVegetation/HerbaceousVegetation_1113.jpg,2,7
data/raw/EuroSAT_RGB/HerbaceousVegetation/HerbaceousVegetation_1657.jpg,2,7
data/raw/EuroSAT_RGB/Highway/Highway_475.jpg,3,7
data/raw/EuroSAT_RGB/River/River_1042.jpg,8,5
data/raw/EuroSAT_RGB/River/River_1756.jpg,8,8
data/raw/EuroSAT_RGB/Highway/Highway_1607.jpg,3,3
data/raw/EuroSAT_RGB/Industrial/Industrial_1501.jpg,4,4
data/raw/EuroSAT_RGB/AnnualCrop/AnnualCrop_2864.jpg,0,0
data/raw/EuroSAT_RGB/AnnualCrop/AnnualCrop_2866.jpg,0,6
data/raw/EuroSAT_RGB/Pasture/Pasture_1171.jpg,5,1
data/raw/EuroSAT_RGB/River/River_1557.jpg,8,8
data/raw/EuroSAT_RGB/Industrial/Industrial_1219.jpg,4,4
data/raw/EuroSAT_RGB/Residential/Residential_1244.jpg,7,7
data/raw/EuroSAT_RGB/Pasture/Pasture_1806.jpg,5,1
data/raw/EuroSAT_RGB/Forest/Forest_868.jpg,1,1
data/raw/EuroSAT_RGB/Forest/Forest_2364.jpg,1,1
data/raw/EuroSAT_RGB/Highway/Highway_2394.jpg,3,3
data/raw/EuroSAT_RGB/River/River_449.jpg,8,8
data/raw/EuroSAT_RGB/Pasture/Pasture_359.jpg,5,1
data/raw/EuroSAT_RGB/Pasture/Pasture_1301.jpg,5,1
data/raw/EuroSAT_RGB/Forest/Forest_1514.jpg,1,1
data/raw/EuroSAT_RGB/SeaLake/SeaLake_175.jpg,9,1
data/raw/EuroSAT_RGB/PermanentCrop/PermanentCrop_1424.jpg,6,6
data/raw/EuroSAT_RGB/River/River_1026.jpg,8,8
data/raw/EuroSAT_RGB/Industrial/Industrial_1818.jpg,4,4
data/raw/EuroSAT_RGB/HerbaceousVegetation/HerbaceousVegetation_2755.jpg,2,7
data/raw/EuroSAT_RGB/SeaLake/SeaLake_315.jpg,9,1
data/raw/EuroSAT_RGB/River/River_542.jpg,8,8
data/raw/EuroSAT_RGB/PermanentCrop/PermanentCrop_1993.jpg,6,6
data/raw/EuroSAT_RGB/River/River_450.jpg,8,8
data/raw/EuroSAT_RGB/AnnualCrop/AnnualCrop_1420.jpg,0,0
data/raw/EuroSAT_RGB/Residential/Residential_1036.jpg,7,7
data/raw/EuroSAT_RGB/AnnualCrop/AnnualCrop_2998.jpg,0,1
data/raw/EuroSAT_RGB/AnnualCrop/AnnualCrop_538.jpg,0,0
data/raw/EuroSAT_RGB/HerbaceousVegetation/HerbaceousVegetation_1063.jpg,2,7
data/raw/EuroSAT_RGB/Industrial/Industrial_1735.jpg,4,4
data/raw/EuroSAT_RGB/Highway/Highway_433.jpg,3,3
data/raw/EuroSAT_RGB/Pasture/Pasture_1256.jpg,5,1
data/raw/EuroSAT_RGB/HerbaceousVegetation/HerbaceousVegetation_634.jpg,2,1
data/raw/EuroSAT_RGB/AnnualCrop/AnnualCrop_740.jpg,0,0
data/raw/EuroSAT_RGB/Pasture/Pasture_1155.jpg,5,1
data/raw/EuroSAT_RGB/River/River_2258.jpg,8,8
data/raw/EuroSAT_RGB/HerbaceousVegetation/HerbaceousVegetation_617.jpg,2,7
data/raw/EuroSAT_RGB/AnnualCrop/AnnualCrop_104.jpg,0,0
data/raw/EuroSAT_RGB/Industrial/Industrial_173.jpg,4,4
data/raw/EuroSAT_RGB/Residential/Residential_2463.jpg,7,7
data/raw/EuroSAT_RGB/SeaLake/SeaLake_2390.jpg,9,1
data/raw/EuroSAT_RGB/River/River_1477.jpg,8,1
data/raw/EuroSAT_RGB/SeaLake/SeaLake_1471.jpg,9,1
data/raw/EuroSAT_RGB/River/River_1046.jpg,8,1
data/raw/EuroSAT_RGB/HerbaceousVegetation/HerbaceousVegetation_147.jpg,2,7
data/raw/EuroSAT_RGB/Pasture/Pasture_1197.jpg,5,1
data/raw/EuroSAT_RGB/Forest/Forest_2407.jpg,1,1
data/raw/EuroSAT_RGB/Industrial/Industrial_2034.jpg,4,4
data/raw/EuroSAT_RGB/SeaLake/SeaLake_705.jpg,9,1
data/raw/EuroSAT_RGB/HerbaceousVegetation/HerbaceousVegetation_1447.jpg,2,7
data/raw/EuroSAT_RGB/AnnualCrop/AnnualCrop_872.jpg,0,0
data/raw/EuroSAT_RGB/AnnualCrop/AnnualCrop_922.jpg,0,0
data/raw/EuroSAT_RGB/HerbaceousVegetation/HerbaceousVegetation_2510.jpg,2,2
data/raw/EuroSAT_RGB/PermanentCrop/PermanentCrop_988.jpg,6,7
data/raw/EuroSAT_RGB/Highway/Highway_1874.jpg,3,3
data/raw/EuroSAT_RGB/PermanentCrop/PermanentCrop_2437.jpg,6,6
data/raw/EuroSAT_RGB/Highway/Highway_1660.jpg,3,3
data/raw/EuroSAT_RGB/SeaLake/SeaLake_450.jpg,9,1
data/raw/EuroSAT_RGB/Forest/Forest_144.jpg,1,1
data/raw/EuroSAT_RGB/Residential/Residential_2239.jpg,7,7
data/raw/EuroSAT_RGB/Highway/Highway_23.jpg,3,3
data/raw/EuroSAT_RGB/Residential/Residential_905.jpg,7,7
data/raw/EuroSAT_RGB/Forest/Forest_81.jpg,1,1
data/raw/EuroSAT_RGB/PermanentCrop/PermanentCrop_1650.jpg,6,6
data/raw/EuroSAT_RGB/Forest/Forest_1931.jpg,1,1
data/raw/EuroSAT_RGB/PermanentCrop/PermanentCrop_1098.jpg,6,6
data/raw/EuroSAT_RGB/AnnualCrop/AnnualCrop_1906.jpg,0,0
data/raw/EuroSAT_RGB/HerbaceousVegetation/HerbaceousVegetation_2140.jpg,2,1
data/raw/EuroSAT_RGB/HerbaceousVegetation/HerbaceousVegetation_1336.jpg,2,1
data/raw/EuroSAT_RGB/SeaLake/SeaLake_1804.jpg,9,1
data/raw/EuroSAT_RGB/Residential/Residential_2892.jpg,7,7
data/raw/EuroSAT_RGB/Forest/Forest_1584.jpg,1,1
data/raw/EuroSAT_RGB/Forest/Forest_2460.jpg,1,1
data/raw/EuroSAT_RGB/HerbaceousVegetation/HerbaceousVegetation_203.jpg,2,7
data/raw/EuroSAT_RGB/SeaLake/SeaLake_2626.jpg,9,1
data/raw/EuroSAT_RGB/PermanentCrop/PermanentCrop_205.jpg,6,6
data/raw/EuroSAT_RGB/Residential/Residential_172.jpg,7,7
data/raw/EuroSAT_RGB/SeaLake/SeaLake_2789.jpg,9,1
data/raw/EuroSAT_RGB/Residential/Residential_1091.jpg,7,7
data/raw/EuroSAT_RGB/River/River_1622.jpg,8,8
data/raw/EuroSAT_RGB/Industrial/Industrial_2374.jpg,4,4
data/raw/EuroSAT_RGB/SeaLake/SeaLake_2304.jpg,9,1
data/raw/EuroSAT_RGB/Highway/Highway_494.jpg,3,3
data/raw/EuroSAT_RGB/Industrial/Industrial_2198.jpg,4,4
data/raw/EuroSAT_RGB/River/River_1150.jpg,8,3
data/raw/EuroSAT_RGB/AnnualCrop/AnnualCrop_645.jpg,0,0
data/raw/EuroSAT_RGB/PermanentCrop/PermanentCrop_890.jpg,6,7
data/raw/EuroSAT_RGB/Pasture/Pasture_106.jpg,5,1
data/raw/EuroSAT_RGB/Residential/Residential_2435.jpg,7,7
data/raw/EuroSAT_RGB/Residential/Residential_1770.jpg,7,7
data/raw/EuroSAT_RGB/Pasture/Pasture_44.jpg,5,7
data/raw/EuroSAT_RGB/HerbaceousVegetation/HerbaceousVegetation_1600.jpg,2,1
data/raw/EuroSAT_RGB/Pasture/Pasture_1709.jpg,5,1
data/raw/EuroSAT_RGB/Forest/Forest_2015.jpg,1,1
data/raw/EuroSAT_RGB/Residential/Residential_401.jpg,7,7
data/raw/EuroSAT_RGB/AnnualCrop/AnnualCrop_831.jpg,0,1
data/raw/EuroSAT_RGB/Residential/Residential_2468.jpg,7,7
data/raw/EuroSAT_RGB/Forest/Forest_2865.jpg,1,1
data/raw/EuroSAT_RGB/Industrial/Industrial_379.jpg,4,4
data/raw/EuroSAT_RGB/Pasture/Pasture_1893.jpg,5,1
data/raw/EuroSAT_RGB/Industrial/Industrial_2486.jpg,4,4
data/raw/EuroSAT_RGB/Forest/Forest_55.jpg,1,1
data/raw/EuroSAT_RGB/Highway/Highway_1986.jpg,3,3
data/raw/EuroSAT_RGB/Forest/Forest_719.jpg,1,1
data/raw/EuroSAT_RGB/Residential/Residential_2040.jpg,7,7
data/raw/EuroSAT_RGB/HerbaceousVegetation/HerbaceousVegetation_2035.jpg,2,7
data/raw/EuroSAT_RGB/PermanentCrop/PermanentCrop_142.jpg,6,7
data/raw/EuroSAT_RGB/SeaLake/SeaLake_161.jpg,9,7
data/raw/EuroSAT_RGB/Highway/Highway_1839.jpg,3,3
data/raw/EuroSAT_RGB/Forest/Forest_1692.jpg,1,1
data/raw/EuroSAT_RGB/Industrial/Industrial_675.jpg,4,4
data/raw/EuroSAT_RGB/Forest/Forest_388.jpg,1,1
data/raw/EuroSAT_RGB/River/River_1870.jpg,8,8
data/raw/EuroSAT_RGB/Industrial/Industrial_73.jpg,4,4
data/raw/EuroSAT_RGB/River/River_1503.jpg,8,8
data/raw/EuroSAT_RGB/AnnualCrop/AnnualCrop_369.jpg,0,1
data/raw/EuroSAT_RGB/HerbaceousVegetation/HerbaceousVegetation_190.jpg,2,2
data/raw/EuroSAT_RGB/PermanentCrop/PermanentCrop_569.jpg,6,6
data/raw/EuroSAT_RGB/AnnualCrop/AnnualCrop_117.jpg,0,0
data/raw/EuroSAT_RGB/SeaLake/SeaLake_562.jpg,9,1
data/raw/EuroSAT_RGB/HerbaceousVegetation/HerbaceousVegetation_148.jpg,2,7
data/raw/EuroSAT_RGB/Forest/Forest_1945.jpg,1,1
data/raw/EuroSAT_RGB/Forest/Forest_2287.jpg,1,1
data/raw/EuroSAT_RGB/Industrial/Industrial_780.jpg,4,4
data/raw/EuroSAT_RGB/Residential/Residential_743.jpg,7,7
data/raw/EuroSAT_RGB/AnnualCrop/AnnualCrop_490.jpg,0,7
data/raw/EuroSAT_RGB/AnnualCrop/AnnualCrop_2230.jpg,0,6
data/raw/EuroSAT_RGB/River/River_1837.jpg,8,8
data/raw/EuroSAT_RGB/AnnualCrop/AnnualCrop_2618.jpg,0,0
data/raw/EuroSAT_RGB/Industrial/Industrial_116.jpg,4,4
data/raw/EuroSAT_RGB/PermanentCrop/PermanentCrop_1063.jpg,6,6
data/raw/EuroSAT_RGB/PermanentCrop/PermanentCrop_1995.jpg,6,7
data/raw/EuroSAT_RGB/Residential/Residential_1970.jpg,7,7
data/raw/EuroSAT_RGB/Residential/Residential_2963.jpg,7,7
data/raw/EuroSAT_RGB/SeaLake/SeaLake_1642.jpg,9,1
data/raw/EuroSAT_RGB/River/River_2284.jpg,8,8
data/raw/EuroSAT_RGB/HerbaceousVegetation/HerbaceousVegetation_2616.jpg,2,7
data/raw/EuroSAT_RGB/River/River_906.jpg,8,8
data/raw/EuroSAT_RGB/Residential/Residential_774.jpg,7,7
data/raw/EuroSAT_RGB/Residential/Residential_1571.jpg,7,7
data/raw/EuroSAT_RGB/Forest/Forest_1520.jpg,1,1
data/raw/EuroSAT_RGB/Industrial/Industrial_1198.jpg,4,4
data/raw/EuroSAT_RGB/Industrial/Industrial_2381.jpg,4,4
data/raw/EuroSAT_RGB/Pasture/Pasture_63.jpg,5,1
data/raw/EuroSAT_RGB/Pasture/Pasture_789.jpg,5,1
data/raw/EuroSAT_RGB/Residential/Residential_2582.jpg,7,7
data/raw/EuroSAT_RGB/SeaLake/SeaLake_818.jpg,9,1
data/raw/EuroSAT_RGB/AnnualCrop/AnnualCrop_2029.jpg,0,0
data/raw/EuroSAT_RGB/SeaLake/SeaLake_2931.jpg,9,1
data/raw/EuroSAT_RGB/Pasture/Pasture_229.jpg,5,7
data/raw/EuroSAT_RGB/AnnualCrop/AnnualCrop_775.jpg,0,0
data/raw/EuroSAT_RGB/River/River_1104.jpg,8,8
data/raw/EuroSAT_RGB/Residential/Residential_1938.jpg,7,7
data/raw/EuroSAT_RGB/Forest/Forest_2660.jpg,1,1
data/raw/EuroSAT_RGB/Industrial/Industrial_187.jpg,4,4
data/raw/EuroSAT_RGB/Industrial/Industrial_1800.jpg,4,4
data/raw/EuroSAT_RGB/Forest/Forest_1791.jpg,1,1
data/raw/EuroSAT_RGB/River/River_506.jpg,8,8
data/raw/EuroSAT_RGB/HerbaceousVegetation/HerbaceousVegetation_165.jpg,2,2
data/raw/EuroSAT_RGB/AnnualCrop/AnnualCrop_2928.jpg,0,0
data/raw/EuroSAT_RGB/AnnualCrop/AnnualCrop_607.jpg,0,0
data/raw/EuroSAT_RGB/AnnualCrop/AnnualCrop_2272.jpg,0,0
data/raw/EuroSAT_RGB/Residential/Residential_2821.jpg,7,7
data/raw/EuroSAT_RGB/AnnualCrop/AnnualCrop_525.jpg,0,0
data/raw/EuroSAT_RGB/AnnualCrop/AnnualCrop_2190.jpg,0,0
data/raw/EuroSAT_RGB/Industrial/Industrial_241.jpg,4,4
data/raw/EuroSAT_RGB/HerbaceousVegetation/HerbaceousVegetation_189.jpg,2,2
data/raw/EuroSAT_RGB/AnnualCrop/AnnualCrop_2372.jpg,0,0
data/raw/EuroSAT_RGB/River/River_749.jpg,8,8
data/raw/EuroSAT_RGB/SeaLake/SeaLake_1385.jpg,9,1
data/raw/EuroSAT_RGB/SeaLake/SeaLake_1495.jpg,9,1
data/raw/EuroSAT_RGB/River/River_2230.jpg,8,8
data/raw/EuroSAT_RGB/Industrial/Industrial_2491.jpg,4,4
data/raw/EuroSAT_RGB/Pasture/Pasture_953.jpg,5,1
data/raw/EuroSAT_RGB/Industrial/Industrial_1777.jpg,4,4
data/raw/EuroSAT_RGB/PermanentCrop/PermanentCrop_1918.jpg,6,6
data/raw/EuroSAT_RGB/Highway/Highway_418.jpg,3,3
data/raw/EuroSAT_RGB/Forest/Forest_2832.jpg,1,1
data/raw/EuroSAT_RGB/AnnualCrop/AnnualCrop_760.jpg,0,0
data/raw/EuroSAT_RGB/PermanentCrop/PermanentCrop_1706.jpg,6,6
data/raw/EuroSAT_RGB/AnnualCrop/AnnualCrop_1193.jpg,0,0
data/raw/EuroSAT_RGB/Industrial/Industrial_1235.jpg,4,4
data/raw/EuroSAT_RGB/SeaLake/SeaLake_1319.jpg,9,1
data/raw/EuroSAT_RGB/Pasture/Pasture_1378.jpg,5,1
data/raw/EuroSAT_RGB/Pasture/Pasture_1481.jpg,5,1
data/raw/EuroSAT_RGB/Pasture/Pasture_493.jpg,5,7
data/raw/EuroSAT_RGB/River/River_1218.jpg,8,7
data/raw/EuroSAT_RGB/Pasture/Pasture_796.jpg,5,1
data/raw/EuroSAT_RGB/Highway/Highway_821.jpg,3,3
data/raw/EuroSAT_RGB/HerbaceousVegetation/HerbaceousVegetation_1038.jpg,2,7
data/raw/EuroSAT_RGB/Industrial/Industrial_513.jpg,4,4
data/raw/EuroSAT_RGB/SeaLake/SeaLake_249.jpg,9,1
data/raw/EuroSAT_RGB/Highway/Highway_1534.jpg,3,3
data/raw/EuroSAT_RGB/Highway/Highway_507.jpg,3,3
data/raw/EuroSAT_RGB/Residential/Residential_2050.jpg,7,7
data/raw/EuroSAT_RGB/PermanentCrop/PermanentCrop_288.jpg,6,6
data/raw/EuroSAT_RGB/Highway/Highway_828.jpg,3,3
data/raw/EuroSAT_RGB/Highway/Highway_1419.jpg,3,3
data/raw/EuroSAT_RGB/PermanentCrop/PermanentCrop_1172.jpg,6,7
data/raw/EuroSAT_RGB/SeaLake/SeaLake_2900.jpg,9,1
data/raw/EuroSAT_RGB/Residential/Residential_179.jpg,7,7
data/raw/EuroSAT_RGB/AnnualCrop/AnnualCrop_944.jpg,0,0
data/raw/EuroSAT_RGB/AnnualCrop/AnnualCrop_2127.jpg,0,0
data/raw/EuroSAT_RGB/PermanentCrop/PermanentCrop_2085.jpg,6,7
data/raw/EuroSAT_RGB/Highway/Highway_1267.jpg,3,7
data/raw/EuroSAT_RGB/Residential/Residential_2756.jpg,7,7
data/raw/EuroSAT_RGB/HerbaceousVegetation/HerbaceousVegetation_244.jpg,2,7
data/raw/EuroSAT_RGB/Industrial/Industrial_2362.jpg,4,7
data/raw/EuroSAT_RGB/Highway/Highway_2108.jpg,3,3
data/raw/EuroSAT_RGB/PermanentCrop/PermanentCrop_1192.jpg,6,6
data/raw/EuroSAT_RGB/Highway/Highway_764.jpg,3,7
data/raw/EuroSAT_RGB/Residential/Residential_1786.jpg,7,7
data/raw/EuroSAT_RGB/Forest/Forest_453.jpg,1,1
data/raw/EuroSAT_RGB/Residential/Residential_2088.jpg,7,7
data/raw/EuroSAT_RGB/Industrial/Industrial_2419.jpg,4,4
data/raw/EuroSAT_RGB/HerbaceousVegetation/HerbaceousVegetation_1269.jpg,2,7
data/raw/EuroSAT_RGB/HerbaceousVegetation/HerbaceousVegetation_194.jpg,2,1
data/raw/EuroSAT_RGB/Industrial/Industrial_1331.jpg,4,4
data/raw/EuroSAT_RGB/SeaLake/SeaLake_2578.jpg,9,1
data/raw/EuroSAT_RGB/HerbaceousVegetation/HerbaceousVegetation_15.jpg,2,2
data/raw/EuroSAT_RGB/AnnualCrop/AnnualCrop_2488.jpg,0,7
data/raw/EuroSAT_RGB/HerbaceousVegetation/HerbaceousVegetation_227.jpg,2,7
data/raw/EuroSAT_RGB/Highway/Highway_1663.jpg,3,3
data/raw/EuroSAT_RGB/Forest/Forest_2430.jpg,1,1
data/raw/EuroSAT_RGB/HerbaceousVegetation/HerbaceousVegetation_1514.jpg,2,7
data/raw/EuroSAT_RGB/SeaLake/SeaLake_2738.jpg,9,1
data/raw/EuroSAT_RGB/PermanentCrop/PermanentCrop_1176.jpg,6,6
data/raw/EuroSAT_RGB/River/River_1665.jpg,8,8
data/raw/EuroSAT_RGB/Residential/Residential_1558.jpg,7,7
data/raw/EuroSAT_RGB/River/River_2038.jpg,8,8
data/raw/EuroSAT_RGB/Industrial/Industrial_1323.jpg,4,4
data/raw/EuroSAT_RGB/Pasture/Pasture_1760.jpg,5,1
data/raw/EuroSAT_RGB/Residential/Residential_161.jpg,7,7
data/raw/EuroSAT_RGB/PermanentCrop/PermanentCrop_2230.jpg,6,6
data/raw/EuroSAT_RGB/Pasture/Pasture_1437.jpg,5,1
data/raw/EuroSAT_RGB/SeaLake/SeaLake_901.jpg,9,1
data/raw/EuroSAT_RGB/SeaLake/SeaLake_2723.jpg,9,1
data/raw/EuroSAT_RGB/Highway/Highway_1373.jpg,3,3
data/raw/EuroSAT_RGB/AnnualCrop/AnnualCrop_174.jpg,0,7
data/raw/EuroSAT_RGB/River/River_534.jpg,8,8
data/raw/EuroSAT_RGB/Forest/Forest_442.jpg,1,1
data/raw/EuroSAT_RGB/Highway/Highway_2429.jpg,3,3
data/raw/EuroSAT_RGB/Highway/Highway_1103.jpg,3,7
data/raw/EuroSAT_RGB/Residential/Residential_2253.jpg,7,7
data/raw/EuroSAT_RGB/Forest/Forest_1110.jpg,1,1
data/raw/EuroSAT_RGB/River/River_1739.jpg,8,8
data/raw/EuroSAT_RGB/Forest/Forest_1125.jpg,1,1
data/raw/EuroSAT_RGB/SeaLake/SeaLake_2743.jpg,9,1
data/raw/EuroSAT_RGB/Pasture/Pasture_1869.jpg,5,1
data/raw/EuroSAT_RGB/Forest/Forest_2561.jpg,1,1
data/raw/EuroSAT_RGB/AnnualCrop/AnnualCrop_1354.jpg,0,0
data/raw/EuroSAT_RGB/SeaLake/SeaLake_2629.jpg,9,7
data/raw/EuroSAT_RGB/River/River_1573.jpg,8,7
data/raw/EuroSAT_RGB/SeaLake/SeaLake_304.jpg,9,1
data/raw/EuroSAT_RGB/River/River_455.jpg,8,8
data/raw/EuroSAT_RGB/Industrial/Industrial_21.jpg,4,4
data/raw/EuroSAT_RGB/Highway/Highway_2034.jpg,3,3
data/raw/EuroSAT_RGB/Highway/Highway_1565.jpg,3,3
data/raw/EuroSAT_RGB/AnnualCrop/AnnualCrop_2532.jpg,0,0
data/raw/EuroSAT_RGB/PermanentCrop/PermanentCrop_1353.jpg,6,6
data/raw/EuroSAT_RGB/Industrial/Industrial_1440.jpg,4,4
data/raw/EuroSAT_RGB/Pasture/Pasture_269.jpg,5,1
data/raw/EuroSAT_RGB/River/River_2249.jpg,8,8
data/raw/EuroSAT_RGB/Highway/Highway_2311.jpg,3,3
data/raw/EuroSAT_RGB/HerbaceousVegetation/HerbaceousVegetation_1263.jpg,2,1
data/raw/EuroSAT_RGB/Residential/Residential_400.jpg,7,7
data/raw/EuroSAT_RGB/AnnualCrop/AnnualCrop_1586.jpg,0,0
data/raw/EuroSAT_RGB/Forest/Forest_1143.jpg,1,1
data/raw/EuroSAT_RGB/AnnualCrop/AnnualCrop_1692.jpg,0,0
data/raw/EuroSAT_RGB/AnnualCrop/AnnualCrop_1374.jpg,0,0
data/raw/EuroSAT_RGB/Residential/Residential_874.jpg,7,7
data/raw/EuroSAT_RGB/River/River_1209.jpg,8,8
data/raw/EuroSAT_RGB/HerbaceousVegetation/HerbaceousVegetation_719.jpg,2,2
data/raw/EuroSAT_RGB/HerbaceousVegetation/HerbaceousVegetation_754.jpg,2,1
data/raw/EuroSAT_RGB/AnnualCrop/AnnualCrop_1127.jpg,0,0
data/raw/EuroSAT_RGB/Forest/Forest_1034.jpg,1,1
data/raw/EuroSAT_RGB/AnnualCrop/AnnualCrop_16.jpg,0,0
data/raw/EuroSAT_RGB/Industrial/Industrial_1222.jpg,4,4
data/raw/EuroSAT_RGB/River/River_882.jpg,8,8
data/raw/EuroSAT_RGB/Forest/Forest_33.jpg,1,1
data/raw/EuroSAT_RGB/SeaLake/SeaLake_2343.jpg,9,1
data/raw/EuroSAT_RGB/Residential/Residential_620.jpg,7,7
data/raw/EuroSAT_RGB/Highway/Highway_2221.jpg,3,3
data/raw/EuroSAT_RGB/Residential/Residential_2210.jpg,7,7
data/raw/EuroSAT_RGB/HerbaceousVegetation/HerbaceousVegetation_2055.jpg,2,7
data/raw/EuroSAT_RGB/Forest/Forest_825.jpg,1,1
data/raw/EuroSAT_RGB/AnnualCrop/AnnualCrop_2385.jpg,0,1
data/raw/EuroSAT_RGB/SeaLake/SeaLake_1010.jpg,9,7
data/raw/EuroSAT_RGB/River/River_2012.jpg,8,1
data/raw/EuroSAT_RGB/HerbaceousVegetation/HerbaceousVegetation_2144.jpg,2,7
data/raw/EuroSAT_RGB/SeaLake/SeaLake_942.jpg,9,1
data/raw/EuroSAT_RGB/Pasture/Pasture_1068.jpg,5,1
data/raw/EuroSAT_RGB/PermanentCrop/PermanentCrop_1761.jpg,6,6
data/raw/EuroSAT_RGB/Highway/Highway_783.jpg,3,3
data/raw/EuroSAT_RGB/Residential/Residential_2525.jpg,7,7
data/raw/EuroSAT_RGB/Industrial/Industrial_1645.jpg,4,4
data/raw/EuroSAT_RGB/PermanentCrop/PermanentCrop_1009.jpg,6,7
data/raw/EuroSAT_RGB/River/River_1535.jpg,8,1
data/raw/EuroSAT_RGB/River/River_215.jpg,8,7
data/raw/EuroSAT_RGB/River/River_84.jpg,8,1
data/raw/EuroSAT_RGB/River/River_400.jpg,8,8
data/raw/EuroSAT_RGB/Residential/Residential_1701.jpg,7,7
data/raw/EuroSAT_RGB/Highway/Highway_1081.jpg,3,5
data/raw/EuroSAT_RGB/Pasture/Pasture_1529.jpg,5,1
data/raw/EuroSAT_RGB/AnnualCrop/AnnualCrop_1505.jpg,0,0
data/raw/EuroSAT_RGB/Industrial/Industrial_404.jpg,4,4
data/raw/EuroSAT_RGB/PermanentCrop/PermanentCrop_233.jpg,6,6
data/raw/EuroSAT_RGB/Forest/Forest_1711.jpg,1,1
data/raw/EuroSAT_RGB/Highway/Highway_1628.jpg,3,3
data/raw/EuroSAT_RGB/Industrial/Industrial_971.jpg,4,4
data/raw/EuroSAT_RGB/Pasture/Pasture_1683.jpg,5,1
data/raw/EuroSAT_RGB/HerbaceousVegetation/HerbaceousVegetation_2405.jpg,2,2
data/raw/EuroSAT_RGB/PermanentCrop/PermanentCrop_1475.jpg,6,6
data/raw/EuroSAT_RGB/HerbaceousVegetation/HerbaceousVegetation_2780.jpg,2,2
data/raw/EuroSAT_RGB/HerbaceousVegetation/HerbaceousVegetation_2715.jpg,2,7
data/raw/EuroSAT_RGB/PermanentCrop/PermanentCrop_1958.jpg,6,1
data/raw/EuroSAT_RGB/AnnualCrop/AnnualCrop_2363.jpg,0,6
data/raw/EuroSAT_RGB/Industrial/Industrial_2347.jpg,4,4
data/raw/EuroSAT_RGB/Forest/Forest_441.jpg,1,1
data/raw/EuroSAT_RGB/Residential/Residential_937.jpg,7,7
data/raw/EuroSAT_RGB/AnnualCrop/AnnualCrop_81.jpg,0,1
data/raw/EuroSAT_RGB/Highway/Highway_1656.jpg,3,3
data/raw/EuroSAT_RGB/Residential/Residential_2350.jpg,7,7
data/raw/EuroSAT_RGB/AnnualCrop/AnnualCrop_527.jpg,0,0
data/raw/EuroSAT_RGB/Residential/Residential_2220.jpg,7,7
data/raw/EuroSAT_RGB/Industrial/Industrial_468.jpg,4,4
data/raw/EuroSAT_RGB/Residential/Residential_794.jpg,7,7
data/raw/EuroSAT_RGB/AnnualCrop/AnnualCrop_581.jpg,0,0
data/raw/EuroSAT_RGB/SeaLake/SeaLake_2767.jpg,9,1
data/raw/EuroSAT_RGB/Residential/Residential_107.jpg,7,7
data/raw/EuroSAT_RGB/Highway/Highway_1297.jpg,3,3
data/raw/EuroSAT_RGB/HerbaceousVegetation/HerbaceousVegetation_332.jpg,2,7
data/raw/EuroSAT_RGB/AnnualCrop/AnnualCrop_1782.jpg,0,0
data/raw/EuroSAT_RGB/HerbaceousVegetation/HerbaceousVegetation_2463.jpg,2,2
data/raw/EuroSAT_RGB/River/River_1789.jpg,8,8
data/raw/EuroSAT_RGB/AnnualCrop/AnnualCrop_43.jpg,0,0
data/raw/EuroSAT_RGB/Forest/Forest_1020.jpg,1,1
data/raw/EuroSAT_RGB/Industrial/Industrial_2128.jpg,4,4
data/raw/EuroSAT_RGB/Highway/Highway_93.jpg,3,3
data/raw/EuroSAT_RGB/Forest/Forest_2465.jpg,1,1
data/raw/EuroSAT_RGB/PermanentCrop/PermanentCrop_2089.jpg,6,7
data/raw/EuroSAT_RGB/Forest/Forest_492.jpg,1,1
data/raw/EuroSAT_RGB/AnnualCrop/AnnualCrop_1232.jpg,0,0
data/raw/EuroSAT_RGB/SeaLake/SeaLake_2818.jpg,9,7
data/raw/EuroSAT_RGB/AnnualCrop/AnnualCrop_1362.jpg,0,7
data/raw/EuroSAT_RGB/HerbaceousVegetation/HerbaceousVegetation_2459.jpg,2,7
data/raw/EuroSAT_RGB/SeaLake/SeaLake_2043.jpg,9,7
data/raw/EuroSAT_RGB/Pasture/Pasture_1440.jpg,5,5
data/raw/EuroSAT_RGB/PermanentCrop/PermanentCrop_786.jpg,6,7
data/raw/EuroSAT_RGB/Pasture/Pasture_1843.jpg,5,1
data/raw/EuroSAT_RGB/River/River_1786.jpg,8,7
data/raw/EuroSAT_RGB/SeaLake/SeaLake_1518.jpg,9,7
data/raw/EuroSAT_RGB/Pasture/Pasture_15.jpg,5,5
data/raw/EuroSAT_RGB/PermanentCrop/PermanentCrop_953.jpg,6,6
data/raw/EuroSAT_RGB/PermanentCrop/PermanentCrop_2411.jpg,6,7
data/raw/EuroSAT_RGB/River/River_1207.jpg,8,7
data/raw/EuroSAT_RGB/SeaLake/SeaLake_1250.jpg,9,1
data/raw/EuroSAT_RGB/SeaLake/SeaLake_1686.jpg,9,1
data/raw/EuroSAT_RGB/SeaLake/SeaLake_89.jpg,9,1
data/raw/EuroSAT_RGB/SeaLake/SeaLake_2747.jpg,9,1
data/raw/EuroSAT_RGB/Industrial/Industrial_723.jpg,4,4
data/raw/EuroSAT_RGB/Industrial/Industrial_2465.jpg,4,4
data/raw/EuroSAT_RGB/PermanentCrop/PermanentCrop_256.jpg,6,6
data/raw/EuroSAT_RGB/AnnualCrop/AnnualCrop_2096.jpg,0,0
data/raw/EuroSAT_RGB/HerbaceousVegetation/HerbaceousVegetation_2856.jpg,2,7
data/raw/EuroSAT_RGB/AnnualCrop/AnnualCrop_170.jpg,0,0
data/raw/EuroSAT_RGB/Pasture/Pasture_725.jpg,5,1
data/raw/EuroSAT_RGB/Forest/Forest_2996.jpg,1,1
data/raw/EuroSAT_RGB/Forest/Forest_238.jpg,1,1
data/raw/EuroSAT_RGB/PermanentCrop/PermanentCrop_415.jpg,6,6
data/raw/EuroSAT_RGB/HerbaceousVegetation/HerbaceousVegetation_613.jpg,2,7
data/raw/EuroSAT_RGB/SeaLake/SeaLake_2859.jpg,9,1
data/raw/EuroSAT_RGB/Highway/Highway_152.jpg,3,3
data/raw/EuroSAT_RGB/AnnualCrop/AnnualCrop_2259.jpg,0,0
data/raw/EuroSAT_RGB/AnnualCrop/AnnualCrop_2711.jpg,0,1
data/raw/EuroSAT_RGB/PermanentCrop/PermanentCrop_667.jpg,6,7
data/raw/EuroSAT_RGB/HerbaceousVegetation/HerbaceousVegetation_166.jpg,2,2
data/raw/EuroSAT_RGB/HerbaceousVegetation/HerbaceousVegetation_477.jpg,2,7
data/raw/EuroSAT_RGB/SeaLake/SeaLake_1968.jpg,9,1
data/raw/EuroSAT_RGB/HerbaceousVegetation/HerbaceousVegetation_2283.jpg,2,7
data/raw/EuroSAT_RGB/HerbaceousVegetation/HerbaceousVegetation_905.jpg,2,7
data/raw/EuroSAT_RGB/Residential/Residential_1666.jpg,7,7
data/raw/EuroSAT_RGB/SeaLake/SeaLake_2932.jpg,9,1
data/raw/EuroSAT_RGB/Forest/Forest_1592.jpg,1,1
data/raw/EuroSAT_RGB/Residential/Residential_2496.jpg,7,4
data/raw/EuroSAT_RGB/Forest/Forest_2489.jpg,1,1
data/raw/EuroSAT_RGB/Forest/Forest_1631.jpg,1,1
data/raw/EuroSAT_RGB/PermanentCrop/PermanentCrop_1405.jpg,6,6
data/raw/EuroSAT_RGB/AnnualCrop/AnnualCrop_2087.jpg,0,0
data/raw/EuroSAT_RGB/PermanentCrop/PermanentCrop_253.jpg,6,6
data/raw/EuroSAT_RGB/Industrial/Industrial_1787.jpg,4,4
data/raw/EuroSAT_RGB/Highway/Highway_1397.jpg,3,7
data/raw/EuroSAT_RGB/AnnualCrop/AnnualCrop_693.jpg,0,6
data/raw/EuroSAT_RGB/Pasture/Pasture_1062.jpg,5,7
data/raw/EuroSAT_RGB/Residential/Residential_528.jpg,7,7
data/raw/EuroSAT_RGB/Highway/Highway_648.jpg,3,3
data/raw/EuroSAT_RGB/Forest/Forest_2980.jpg,1,1
data/raw/EuroSAT_RGB/Forest/Forest_1775.jpg,1,1
data/raw/EuroSAT_RGB/SeaLake/SeaLake_2469.jpg,9,1
data/raw/EuroSAT_RGB/River/River_363.jpg,8,4
data/raw/EuroSAT_RGB/PermanentCrop/PermanentCrop_2213.jpg,6,7
data/raw/EuroSAT_RGB/Residential/Residential_2622.jpg,7,7
data/raw/EuroSAT_RGB/Residential/Residential_1378.jpg,7,7
data/raw/EuroSAT_RGB/AnnualCrop/AnnualCrop_273.jpg,0,0
data/raw/EuroSAT_RGB/Forest/Forest_1067.jpg,1,1
data/raw/EuroSAT_RGB/SeaLake/SeaLake_821.jpg,9,1
data/raw/EuroSAT_RGB/AnnualCrop/AnnualCrop_2123.jpg,0,1
data/raw/EuroSAT_RGB/HerbaceousVegetation/HerbaceousVegetation_2945.jpg,2,1
data/raw/EuroSAT_RGB/AnnualCrop/AnnualCrop_1689.jpg,0,0
data/raw/EuroSAT_RGB/Pasture/Pasture_1754.jpg,5,5
data/raw/EuroSAT_RGB/Highway/Highway_1801.jpg,3,3
data/raw/EuroSAT_RGB/Highway/Highway_1388.jpg,3,3
data/raw/EuroSAT_RGB/Industrial/Industrial_2210.jpg,4,7
data/raw/EuroSAT_RGB/PermanentCrop/PermanentCrop_1458.jpg,6,6
data/raw/EuroSAT_RGB/Forest/Forest_643.jpg,1,1
data/raw/EuroSAT_RGB/SeaLake/SeaLake_1735.jpg,9,1
data/raw/EuroSAT_RGB/AnnualCrop/AnnualCrop_503.jpg,0,0
data/raw/EuroSAT_RGB/Residential/Residential_79.jpg,7,7
data/raw/EuroSAT_RGB/HerbaceousVegetation/HerbaceousVegetation_402.jpg,2,2
data/raw/EuroSAT_RGB/Pasture/Pasture_817.jpg,5,7
data/raw/EuroSAT_RGB/Pasture/Pasture_1838.jpg,5,5
data/raw/EuroSAT_RGB/River/River_319.jpg,8,8
data/raw/EuroSAT_RGB/HerbaceousVegetation/HerbaceousVegetation_2599.jpg,2,7
data/raw/EuroSAT_RGB/Highway/Highway_1014.jpg,3,3
data/raw/EuroSAT_RGB/Highway/Highway_1493.jpg,3,3
data/raw/EuroSAT_RGB/River/River_1710.jpg,8,8
data/raw/EuroSAT_RGB/Highway/Highway_826.jpg,3,3
data/raw/EuroSAT_RGB/Industrial/Industrial_1504.jpg,4,4
data/raw/EuroSAT_RGB/Highway/Highway_1492.jpg,3,3
data/raw/EuroSAT_RGB/PermanentCrop/PermanentCrop_1575.jpg,6,6
data/raw/EuroSAT_RGB/River/River_1909.jpg,8,7
data/raw/EuroSAT_RGB/AnnualCrop/AnnualCrop_537.jpg,0,0
data/raw/EuroSAT_RGB/SeaLake/SeaLake_1597.jpg,9,1
data/raw/EuroSAT_RGB/Industrial/Industrial_896.jpg,4,4
data/raw/EuroSAT_RGB/Forest/Forest_2218.jpg,1,1
data/raw/EuroSAT_RGB/Residential/Residential_1851.jpg,7,7
data/raw/EuroSAT_RGB/Industrial/Industrial_20.jpg,4,4
data/raw/EuroSAT_RGB/PermanentCrop/PermanentCrop_292.jpg,6,6
data/raw/EuroSAT_RGB/Forest/Forest_2030.jpg,1,1
data/raw/EuroSAT_RGB/SeaLake/SeaLake_1946.jpg,9,9
data/raw/EuroSAT_RGB/SeaLake/SeaLake_2598.jpg,9,1
data/raw/EuroSAT_RGB/Highway/Highway_1259.jpg,3,3
data/raw/EuroSAT_RGB/Forest/Forest_1581.jpg,1,1
data/raw/EuroSAT_RGB/Pasture/Pasture_1959.jpg,5,1
data/raw/EuroSAT_RGB/AnnualCrop/AnnualCrop_1441.jpg,0,6
data/raw/EuroSAT_RGB/Pasture/Pasture_654.jpg,5,1
data/raw/EuroSAT_RGB/AnnualCrop/AnnualCrop_124.jpg,0,0
data/raw/EuroSAT_RGB/River/River_163.jpg,8,8
data/raw/EuroSAT_RGB/HerbaceousVegetation/HerbaceousVegetation_1236.jpg,2,7
data/raw/EuroSAT_RGB/Pasture/Pasture_1008.jpg,5,7
data/raw/EuroSAT_RGB/SeaLake/SeaLake_1738.jpg,9,1
data/raw/EuroSAT_RGB/Residential/Residential_1658.jpg,7,7
data/raw/EuroSAT_RGB/PermanentCrop/PermanentCrop_768.jpg,6,7
data/raw/EuroSAT_RGB/Highway/Highway_816.jpg,3,3
data/raw/EuroSAT_RGB/River/River_228.jpg,8,8
data/raw/EuroSAT_RGB/Highway/Highway_573.jpg,3,7
data/raw/EuroSAT_RGB/Pasture/Pasture_1397.jpg,5,1
data/raw/EuroSAT_RGB/AnnualCrop/AnnualCrop_1879.jpg,0,0
data/raw/EuroSAT_RGB/Pasture/Pasture_1572.jpg,5,7
data/raw/EuroSAT_RGB/AnnualCrop/AnnualCrop_930.jpg,0,0
data/raw/EuroSAT_RGB/Forest/Forest_2643.jpg,1,1
data/raw/EuroSAT_RGB/SeaLake/SeaLake_647.jpg,9,1
data/raw/EuroSAT_RGB/Residential/Residential_2563.jpg,7,7
data/raw/EuroSAT_RGB/Residential/Residential_2104.jpg,7,7
data/raw/EuroSAT_RGB/SeaLake/SeaLake_42.jpg,9,1
data/raw/EuroSAT_RGB/River/River_1195.jpg,8,8
data/raw/EuroSAT_RGB/PermanentCrop/PermanentCrop_246.jpg,6,6
data/raw/EuroSAT_RGB/HerbaceousVegetation/HerbaceousVegetation_1375.jpg,2,1
data/raw/EuroSAT_RGB/Pasture/Pasture_541.jpg,5,7
data/raw/EuroSAT_RGB/PermanentCrop/PermanentCrop_797.jpg,6,7
data/raw/EuroSAT_RGB/SeaLake/SeaLake_221.jpg,9,1
data/raw/EuroSAT_RGB/Industrial/Industrial_2395.jpg,4,4
data/raw/EuroSAT_RGB/Forest/Forest_66.jpg,1,1
data/raw/EuroSAT_RGB/Residential/Residential_483.jpg,7,7
data/raw/EuroSAT_RGB/Pasture/Pasture_1527.jpg,5,7
data/raw/EuroSAT_RGB/Forest/Forest_1754.jpg,1,1
data/raw/EuroSAT_RGB/Industrial/Industrial_1588.jpg,4,4
data/raw/EuroSAT_RGB/Forest/Forest_2908.jpg,1,1
data/raw/EuroSAT_RGB/HerbaceousVegetation/HerbaceousVegetation_1226.jpg,2,1
data/raw/EuroSAT_RGB/SeaLake/SeaLake_125.jpg,9,1
data/raw/EuroSAT_RGB/SeaLake/SeaLake_2917.jpg,9,1
data/raw/EuroSAT_RGB/Pasture/Pasture_1424.jpg,5,1
data/raw/EuroSAT_RGB/Highway/Highway_129.jpg,3,3
data/raw/EuroSAT_RGB/Forest/Forest_2664.jpg,1,1
data/raw/EuroSAT_RGB/River/River_461.jpg,8,8
data/raw/EuroSAT_RGB/Industrial/Industrial_1527.jpg,4,4
data/raw/EuroSAT_RGB/AnnualCrop/AnnualCrop_1012.jpg,0,0
data/raw/EuroSAT_RGB/Forest/Forest_1516.jpg,1,1
data/raw/EuroSAT_RGB/Highway/Highway_422.jpg,3,3
data/raw/EuroSAT_RGB/River/River_687.jpg,8,8
data/raw/EuroSAT_RGB/Residential/Residential_308.jpg,7,7
data/raw/EuroSAT_RGB/Pasture/Pasture_665.jpg,5,1
data/raw/EuroSAT_RGB/Forest/Forest_1109.jpg,1,1
data/raw/EuroSAT_RGB/AnnualCrop/AnnualCrop_414.jpg,0,0
data/raw/EuroSAT_RGB/River/River_2392.jpg,8,7
data/raw/EuroSAT_RGB/HerbaceousVegetation/HerbaceousVegetation_2045.jpg,2,2
data/raw/EuroSAT_RGB/Highway/Highway_1654.jpg,3,3
data/raw/EuroSAT_RGB/SeaLake/SeaLake_2546.jpg,9,5
data/raw/EuroSAT_RGB/PermanentCrop/PermanentCrop_918.jpg,6,7
data/raw/EuroSAT_RGB/AnnualCrop/AnnualCrop_2387.jpg,0,7
data/raw/EuroSAT_RGB/Highway/Highway_1847.jpg,3,3
data/raw/EuroSAT_RGB/SeaLake/SeaLake_1378.jpg,9,1
data/raw/EuroSAT_RGB/Industrial/Industrial_1067.jpg,4,4
data/raw/EuroSAT_RGB/Pasture/Pasture_474.jpg,5,1
data/raw/EuroSAT_RGB/River/River_412.jpg,8,1
data/raw/EuroSAT_RGB/Highway/Highway_1457.jpg,3,3
data/raw/EuroSAT_RGB/Highway/Highway_153.jpg,3,3
data/raw/EuroSAT_RGB/River/River_1115.jpg,8,8
data/raw/EuroSAT_RGB/Industrial/Industrial_2051.jpg,4,4
data/raw/EuroSAT_RGB/PermanentCrop/PermanentCrop_1846.jpg,6,1
data/raw/EuroSAT_RGB/Highway/Highway_2443.jpg,3,3
data/raw/EuroSAT_RGB/Residential/Residential_106.jpg,7,7
data/raw/EuroSAT_RGB/AnnualCrop/AnnualCrop_1043.jpg,0,7
data/raw/EuroSAT_RGB/PermanentCrop/PermanentCrop_1327.jpg,6,6
data/raw/EuroSAT_RGB/River/River_1680.jpg,8,1
data/raw/EuroSAT_RGB/River/River_2394.jpg,8,8
data/raw/EuroSAT_RGB/AnnualCrop/AnnualCrop_2334.jpg,0,7
data/raw/EuroSAT_RGB/AnnualCrop/AnnualCrop_1768.jpg,0,0
data/raw/EuroSAT_RGB/SeaLake/SeaLake_646.jpg,9,7
data/raw/EuroSAT_RGB/River/River_2352.jpg,8,8
data/raw/EuroSAT_RGB/Forest/Forest_1383.jpg,1,1
data/raw/EuroSAT_RGB/Residential/Residential_365.jpg,7,7
data/raw/EuroSAT_RGB/PermanentCrop/PermanentCrop_252.jpg,6,6
data/raw/EuroSAT_RGB/SeaLake/SeaLake_1542.jpg,9,1
data/raw/EuroSAT_RGB/Residential/Residential_2150.jpg,7,7
data/raw/EuroSAT_RGB/Industrial/Industrial_196.jpg,4,4
data/raw/EuroSAT_RGB/Highway/Highway_896.jpg,3,3
data/raw/EuroSAT_RGB/Residential/Residential_105.jpg,7,7
data/raw/EuroSAT_RGB/Highway/Highway_2022.jpg,3,3
data/raw/EuroSAT_RGB/Industrial/Industrial_2169.jpg,4,4
data/raw/EuroSAT_RGB/PermanentCrop/PermanentCrop_1802.jpg,6,7
data/raw/EuroSAT_RGB/SeaLake/SeaLake_791.jpg,9,1
data/raw/EuroSAT_RGB/River/River_2455.jpg,8,1
data/raw/EuroSAT_RGB/SeaLake/SeaLake_2132.jpg,9,1
data/raw/EuroSAT_RGB/Highway/Highway_1916.jpg,3,3
data/raw/EuroSAT_RGB/Residential/Residential_1760.jpg,7,7
data/raw/EuroSAT_RGB/Residential/Residential_691.jpg,7,7
data/raw/EuroSAT_RGB/Pasture/Pasture_1835.jpg,5,1
data/raw/EuroSAT_RGB/Industrial/Industrial_189.jpg,4,4
data/raw/EuroSAT_RGB/Pasture/Pasture_1363.jpg,5,1
data/raw/EuroSAT_RGB/SeaLake/SeaLake_2313.jpg,9,9
data/raw/EuroSAT_RGB/River/River_759.jpg,8,1
data/raw/EuroSAT_RGB/PermanentCrop/PermanentCrop_1140.jpg,6,7
data/raw/EuroSAT_RGB/River/River_876.jpg,8,8
data/raw/EuroSAT_RGB/HerbaceousVegetation/HerbaceousVegetation_143.jpg,2,7
data/raw/EuroSAT_RGB/AnnualCrop/AnnualCrop_495.jpg,0,7
data/raw/EuroSAT_RGB/River/River_1858.jpg,8,1
data/raw/EuroSAT_RGB/Industrial/Industrial_2386.jpg,4,4
data/raw/EuroSAT_RGB/AnnualCrop/AnnualCrop_1501.jpg,0,0
data/raw/EuroSAT_RGB/SeaLake/SeaLake_2892.jpg,9,7
data/raw/EuroSAT_RGB/SeaLake/SeaLake_1229.jpg,9,1
data/raw/EuroSAT_RGB/Forest/Forest_2770.jpg,1,1
data/raw/EuroSAT_RGB/Forest/Forest_1991.jpg,1,1
data/raw/EuroSAT_RGB/Industrial/Industrial_1011.jpg,4,7
data/raw/EuroSAT_RGB/Pasture/Pasture_1837.jpg,5,1
data/raw/EuroSAT_RGB/AnnualCrop/AnnualCrop_1760.jpg,0,0
data/raw/EuroSAT_RGB/HerbaceousVegetation/HerbaceousVegetation_2145.jpg,2,7
data/raw/EuroSAT_RGB/AnnualCrop/AnnualCrop_264.jpg,0,0
data/raw/EuroSAT_RGB/Residential/Residential_251.jpg,7,7
data/raw/EuroSAT_RGB/Highway/Highway_2200.jpg,3,3
data/raw/EuroSAT_RGB/AnnualCrop/AnnualCrop_1573.jpg,0,0
data/raw/EuroSAT_RGB/SeaLake/SeaLake_1948.jpg,9,7
data/raw/EuroSAT_RGB/AnnualCrop/AnnualCrop_859.jpg,0,0
data/raw/EuroSAT_RGB/Highway/Highway_344.jpg,3,7
data/raw/EuroSAT_RGB/SeaLake/SeaLake_1413.jpg,9,1
data/raw/EuroSAT_RGB/Industrial/Industrial_944.jpg,4,4
data/raw/EuroSAT_RGB/AnnualCrop/AnnualCrop_1056.jpg,0,0
data/raw/EuroSAT_RGB/AnnualCrop/AnnualCrop_218.jpg,0,7
data/raw/EuroSAT_RGB/SeaLake/SeaLake_713.jpg,9,1
data/raw/EuroSAT_RGB/PermanentCrop/PermanentCrop_629.jpg,6,6
data/raw/EuroSAT_RGB/Pasture/Pasture_1233.jpg,5,1
data/raw/EuroSAT_RGB/SeaLake/SeaLake_733.jpg,9,1
data/raw/EuroSAT_RGB/AnnualCrop/AnnualCrop_1284.jpg,0,6
data/raw/EuroSAT_RGB/Pasture/Pasture_1134.jpg,5,7
data/raw/EuroSAT_RGB/Highway/Highway_399.jpg,3,3
data/raw/EuroSAT_RGB/River/River_1698.jpg,8,8
data/raw/EuroSAT_RGB/Residential/Residential_701.jpg,7,7
data/raw/EuroSAT_RGB/Highway/Highway_1772.jpg,3,3
data/raw/EuroSAT_RGB/Highway/Highway_1523.jpg,3,3
data/raw/EuroSAT_RGB/Highway/Highway_2131.jpg,3,3
data/raw/EuroSAT_RGB/Forest/Forest_1306.jpg,1,1
data/raw/EuroSAT_RGB/AnnualCrop/AnnualCrop_886.jpg,0,1
data/raw/EuroSAT_RGB/Pasture/Pasture_1413.jpg,5,1
data/raw/EuroSAT_RGB/Residential/Residential_379.jpg,7,7
data/raw/EuroSAT_RGB/Forest/Forest_2839.jpg,1,1
data/raw/EuroSAT_RGB/PermanentCrop/PermanentCrop_2257.jpg,6,6
data/raw/EuroSAT_RGB/River/River_1436.jpg,8,8
data/raw/EuroSAT_RGB/Residential/Residential_1431.jpg,7,7
data/raw/EuroSAT_RGB/AnnualCrop/AnnualCrop_592.jpg,0,1
data/raw/EuroSAT_RGB/HerbaceousVegetation/HerbaceousVegetation_2396.jpg,2,1
data/raw/EuroSAT_RGB/AnnualCrop/AnnualCrop_1300.jpg,0,0
data/raw/EuroSAT_RGB/River/River_218.jpg,8,8
data/raw/EuroSAT_RGB/Industrial/Industrial_557.jpg,4,4
data/raw/EuroSAT_RGB/HerbaceousVegetation/HerbaceousVegetation_2314.jpg,2,2
data/raw/EuroSAT_RGB/Industrial/Industrial_2195.jpg,4,4
data/raw/EuroSAT_RGB/PermanentCrop/PermanentCrop_401.jpg,6,6
data/raw/EuroSAT_RGB/Pasture/Pasture_89.jpg,5,7
data/raw/EuroSAT_RGB/Residential/Residential_921.jpg,7,7
data/raw/EuroSAT_RGB/Pasture/Pasture_1611.jpg,5,1
data/raw/EuroSAT_RGB/SeaLake/SeaLake_2744.jpg,9,1
data/raw/EuroSAT_RGB/SeaLake/SeaLake_2528.jpg,9,1
data/raw/EuroSAT_RGB/Industrial/Industrial_1551.jpg,4,4
data/raw/EuroSAT_RGB/Forest/Forest_2085.jpg,1,1
data/raw/EuroSAT_RGB/Industrial/Industrial_517.jpg,4,4
data/raw/EuroSAT_RGB/Residential/Residential_699.jpg,7,7
data/raw/EuroSAT_RGB/HerbaceousVegetation/HerbaceousVegetation_727.jpg,2,7
data/raw/EuroSAT_RGB/Pasture/Pasture_59.jpg,5,1
data/raw/EuroSAT_RGB/Pasture/Pasture_1730.jpg,5,1
data/raw/EuroSAT_RGB/Industrial/Industrial_2281.jpg,4,4
data/raw/EuroSAT_RGB/Forest/Forest_265.jpg,1,1
data/raw/EuroSAT_RGB/Pasture/Pasture_260.jpg,5,7
data/raw/EuroSAT_RGB/SeaLake/SeaLake_2267.jpg,9,1
data/raw/EuroSAT_RGB/Residential/Residential_786.jpg,7,7
data/raw/EuroSAT_RGB/AnnualCrop/AnnualCrop_37.jpg,0,0
data/raw/EuroSAT_RGB/Industrial/Industrial_565.jpg,4,4
data/raw/EuroSAT_RGB/HerbaceousVegetation/HerbaceousVegetation_2741.jpg,2,7
data/raw/EuroSAT_RGB/Forest/Forest_2239.jpg,1,1
data/raw/EuroSAT_RGB/SeaLake/SeaLake_631.jpg,9,1
data/raw/EuroSAT_RGB/Forest/Forest_2315.jpg,1,1
data/raw/EuroSAT_RGB/Pasture/Pasture_563.jpg,5,1
data/raw/EuroSAT_RGB/River/River_1233.jpg,8,8
data/raw/EuroSAT_RGB/PermanentCrop/PermanentCrop_1619.jpg,6,6
data/raw/EuroSAT_RGB/HerbaceousVegetation/HerbaceousVegetation_2092.jpg,2,1
data/raw/EuroSAT_RGB/Industrial/Industrial_227.jpg,4,4
data/raw/EuroSAT_RGB/AnnualCrop/AnnualCrop_1421.jpg,0,0
data/raw/EuroSAT_RGB/SeaLake/SeaLake_1746.jpg,9,1
data/raw/EuroSAT_RGB/AnnualCrop/AnnualCrop_1606.jpg,0,0
data/raw/EuroSAT_RGB/HerbaceousVegetation/HerbaceousVegetation_1390.jpg,2,7
data/raw/EuroSAT_RGB/Forest/Forest_475.jpg,1,1
data/raw/EuroSAT_RGB/Residential/Residential_847.jpg,7,7
data/raw/EuroSAT_RGB/Industrial/Industrial_1315.jpg,4,4
data/raw/EuroSAT_RGB/Highway/Highway_2437.jpg,3,3
data/raw/EuroSAT_RGB/HerbaceousVegetation/HerbaceousVegetation_2990.jpg,2,7
data/raw/EuroSAT_RGB/River/River_2371.jpg,8,1
data/raw/EuroSAT_RGB/PermanentCrop/PermanentCrop_1175.jpg,6,6
data/raw/EuroSAT_RGB/Forest/Forest_1159.jpg,1,1
data/raw/EuroSAT_RGB/Residential/Residential_2713.jpg,7,7
data/raw/EuroSAT_RGB/PermanentCrop/PermanentCrop_1335.jpg,6,7
data/raw/EuroSAT_RGB/Industrial/Industrial_43.jpg,4,4
data/raw/EuroSAT_RGB/Residential/Residential_1369.jpg,7,7
data/raw/EuroSAT_RGB/HerbaceousVegetation/HerbaceousVegetation_2320.jpg,2,1
data/raw/EuroSAT_RGB/AnnualCrop/AnnualCrop_2036.jpg,0,0
data/raw/EuroSAT_RGB/Forest/Forest_1099.jpg,1,1
data/raw/EuroSAT_RGB/AnnualCrop/AnnualCrop_56.jpg,0,0
data/raw/EuroSAT_RGB/SeaLake/SeaLake_557.jpg,9,1
data/raw/EuroSAT_RGB/Pasture/Pasture_1010.jpg,5,1
data/raw/EuroSAT_RGB/HerbaceousVegetation/HerbaceousVegetation_1441.jpg,2,1
data/raw/EuroSAT_RGB/Pasture/Pasture_963.jpg,5,7
data/raw/EuroSAT_RGB/Residential/Residential_2707.jpg,7,7
data/raw/EuroSAT_RGB/Highway/Highway_1830.jpg,3,3
data/raw/EuroSAT_RGB/AnnualCrop/AnnualCrop_1482.jpg,0,0
data/raw/EuroSAT_RGB/Forest/Forest_1850.jpg,1,1
data/raw/EuroSAT_RGB/Forest/Forest_2607.jpg,1,1
data/raw/EuroSAT_RGB/PermanentCrop/PermanentCrop_2193.jpg,6,7
data/raw/EuroSAT_RGB/SeaLake/SeaLake_2634.jpg,9,1
data/raw/EuroSAT_RGB/AnnualCrop/AnnualCrop_60.jpg,0,0
data/raw/EuroSAT_RGB/Residential/Residential_812.jpg,7,7
data/raw/EuroSAT_RGB/Highway/Highway_1555.jpg,3,3
data/raw/EuroSAT_RGB/Residential/Residential_662.jpg,7,7
data/raw/EuroSAT_RGB/HerbaceousVegetation/HerbaceousVegetation_2490.jpg,2,2
data/raw/EuroSAT_RGB/HerbaceousVegetation/HerbaceousVegetation_1378.jpg,2,7
data/raw/EuroSAT_RGB/HerbaceousVegetation/HerbaceousVegetation_367.jpg,2,7
data/raw/EuroSAT_RGB/Forest/Forest_795.jpg,1,1
data/raw/EuroSAT_RGB/Industrial/Industrial_864.jpg,4,4
data/raw/EuroSAT_RGB/HerbaceousVegetation/HerbaceousVegetation_1001.jpg,2,2
data/raw/EuroSAT_RGB/River/River_415.jpg,8,1
data/raw/EuroSAT_RGB/Forest/Forest_645.jpg,1,1
data/raw/EuroSAT_RGB/Industrial/Industrial_1720.jpg,4,4
data/raw/EuroSAT_RGB/Highway/Highway_1781.jpg,3,7
data/raw/EuroSAT_RGB/HerbaceousVegetation/HerbaceousVegetation_527.jpg,2,1
data/raw/EuroSAT_RGB/PermanentCrop/PermanentCrop_591.jpg,6,7
data/raw/EuroSAT_RGB/HerbaceousVegetation/HerbaceousVegetation_2844.jpg,2,1
data/raw/EuroSAT_RGB/Residential/Residential_2551.jpg,7,7
data/raw/EuroSAT_RGB/Industrial/Industrial_976.jpg,4,4
data/raw/EuroSAT_RGB/HerbaceousVegetation/HerbaceousVegetation_588.jpg,2,7
data/raw/EuroSAT_RGB/AnnualCrop/AnnualCrop_2842.jpg,0,6
data/raw/EuroSAT_RGB/HerbaceousVegetation/HerbaceousVegetation_1664.jpg,2,1
data/raw/EuroSAT_RGB/HerbaceousVegetation/HerbaceousVegetation_856.jpg,2,7
data/raw/EuroSAT_RGB/Industrial/Industrial_2063.jpg,4,7
data/raw/EuroSAT_RGB/PermanentCrop/PermanentCrop_1357.jpg,6,6
data/raw/EuroSAT_RGB/Forest/Forest_2811.jpg,1,1
data/raw/EuroSAT_RGB/Industrial/Industrial_2470.jpg,4,4
data/raw/EuroSAT_RGB/SeaLake/SeaLake_312.jpg,9,1
data/raw/EuroSAT_RGB/Forest/Forest_564.jpg,1,1
data/raw/EuroSAT_RGB/HerbaceousVegetation/HerbaceousVegetation_1695.jpg,2,2
data/raw/EuroSAT_RGB/Forest/Forest_2831.jpg,1,1
data/raw/EuroSAT_RGB/AnnualCrop/AnnualCrop_2602.jpg,0,0
data/raw/EuroSAT_RGB/Residential/Residential_843.jpg,7,7
data/raw/EuroSAT_RGB/HerbaceousVegetation/HerbaceousVegetation_2563.jpg,2,7
data/raw/EuroSAT_RGB/SeaLake/SeaLake_1866.jpg,9,1
data/raw/EuroSAT_RGB/Highway/Highway_592.jpg,3,3
data/raw/EuroSAT_RGB/Industrial/Industrial_2472.jpg,4,4
data/raw/EuroSAT_RGB/AnnualCrop/AnnualCrop_1110.jpg,0,0
data/raw/EuroSAT_RGB/AnnualCrop/AnnualCrop_1481.jpg,0,0
data/raw/EuroSAT_RGB/Highway/Highway_777.jpg,3,3
data/raw/EuroSAT_RGB/AnnualCrop/AnnualCrop_1091.jpg,0,5
data/raw/EuroSAT_RGB/HerbaceousVegetation/HerbaceousVegetation_1034.jpg,2,1
data/raw/EuroSAT_RGB/Forest/Forest_1957.jpg,1,1
data/raw/EuroSAT_RGB/HerbaceousVegetation/HerbaceousVegetation_908.jpg,2,7
data/raw/EuroSAT_RGB/Industrial/Industrial_2394.jpg,4,4
data/raw/EuroSAT_RGB/PermanentCrop/PermanentCrop_741.jpg,6,6
data/raw/EuroSAT_RGB/PermanentCrop/PermanentCrop_1226.jpg,6,6
data/raw/EuroSAT_RGB/AnnualCrop/AnnualCrop_1587.jpg,0,0
data/raw/EuroSAT_RGB/Industrial/Industrial_1915.jpg,4,4
data/raw/EuroSAT_RGB/Highway/Highway_2070.jpg,3,3
data/raw/EuroSAT_RGB/AnnualCrop/AnnualCrop_2233.jpg,0,6
data/raw/EuroSAT_RGB/AnnualCrop/AnnualCrop_61.jpg,0,7
data/raw/EuroSAT_RGB/Highway/Highway_298.jpg,3,3
data/raw/EuroSAT_RGB/Residential/Residential_2230.jpg,7,7
data/raw/EuroSAT_RGB/Residential/Residential_275.jpg,7,7
data/raw/EuroSAT_RGB/AnnualCrop/AnnualCrop_2341.jpg,0,0
data/raw/EuroSAT_RGB/PermanentCrop/PermanentCrop_1167.jpg,6,7
data/raw/EuroSAT_RGB/SeaLake/SeaLake_2509.jpg,9,1
data/raw/EuroSAT_RGB/PermanentCrop/PermanentCrop_519.jpg,6,6
data/raw/EuroSAT_RGB/Residential/Residential_261.jpg,7,7
data/raw/EuroSAT_RGB/Pasture/Pasture_1036.jpg,5,7
data/raw/EuroSAT_RGB/River/River_901.jpg,8,6
data/raw/EuroSAT_RGB/River/River_1012.jpg,8,7
data/raw/EuroSAT_RGB/AnnualCrop/AnnualCrop_800.jpg,0,0
data/raw/EuroSAT_RGB/PermanentCrop/PermanentCrop_604.jpg,6,6
data/raw/EuroSAT_RGB/River/River_1071.jpg,8,8
data/raw/EuroSAT_RGB/SeaLake/SeaLake_2880.jpg,9,1
data/raw/EuroSAT_RGB/River/River_1606.jpg,8,1
data/raw/EuroSAT_RGB/River/River_680.jpg,8,3
data/raw/EuroSAT_RGB/AnnualCrop/AnnualCrop_2139.jpg,0,0
data/raw/EuroSAT_RGB/Forest/Forest_15.jpg,1,1
data/raw/EuroSAT_RGB/HerbaceousVegetation/HerbaceousVegetation_576.jpg,2,7
data/raw/EuroSAT_RGB/SeaLake/SeaLake_657.jpg,9,1
data/raw/EuroSAT_RGB/River/River_1846.jpg,8,8
data/raw/EuroSAT_RGB/AnnualCrop/AnnualCrop_2524.jpg,0,7
data/raw/EuroSAT_RGB/AnnualCrop/AnnualCrop_2894.jpg,0,0
data/raw/EuroSAT_RGB/Forest/Forest_1840.jpg,1,1
data/raw/EuroSAT_RGB/Pasture/Pasture_429.jpg,5,5
data/raw/EuroSAT_RGB/SeaLake/SeaLake_2645.jpg,9,1
data/raw/EuroSAT_RGB/AnnualCrop/AnnualCrop_1419.jpg,0,6
data/raw/EuroSAT_RGB/Industrial/Industrial_2462.jpg,4,4
data/raw/EuroSAT_RGB/Industrial/Industrial_1666.jpg,4,4
data/raw/EuroSAT_RGB/PermanentCrop/PermanentCrop_551.jpg,6,6
data/raw/EuroSAT_RGB/Highway/Highway_1859.jpg,3,3
data/raw/EuroSAT_RGB/River/River_1591.jpg,8,2
data/raw/EuroSAT_RGB/SeaLake/SeaLake_1402.jpg,9,1
data/raw/EuroSAT_RGB/HerbaceousVegetation/HerbaceousVegetation_1303.jpg,2,7
data/raw/EuroSAT_RGB/Residential/Residential_2991.jpg,7,7
data/raw/EuroSAT_RGB/Forest/Forest_537.jpg,1,1
data/raw/EuroSAT_RGB/Highway/Highway_258.jpg,3,7
data/raw/EuroSAT_RGB/PermanentCrop/PermanentCrop_2393.jpg,6,6
data/raw/EuroSAT_RGB/Industrial/Industrial_2070.jpg,4,4
data/raw/EuroSAT_RGB/Pasture/Pasture_1395.jpg,5,1
data/raw/EuroSAT_RGB/SeaLake/SeaLake_1711.jpg,9,1
data/raw/EuroSAT_RGB/SeaLake/SeaLake_2450.jpg,9,1
data/raw/EuroSAT_RGB/PermanentCrop/PermanentCrop_1597.jpg,6,7
data/raw/EuroSAT_RGB/SeaLake/SeaLake_202.jpg,9,1
data/raw/EuroSAT_RGB/SeaLake/SeaLake_1510.jpg,9,1
data/raw/EuroSAT_RGB/Pasture/Pasture_890.jpg,5,1
data/raw/EuroSAT_RGB/Forest/Forest_2371.jpg,1,1
data/raw/EuroSAT_RGB/SeaLake/SeaLake_1936.jpg,9,1
data/raw/EuroSAT_RGB/Pasture/Pasture_942.jpg,5,1
data/raw/EuroSAT_RGB/HerbaceousVegetation/HerbaceousVegetation_2281.jpg,2,2
data/raw/EuroSAT_RGB/Highway/Highway_462.jpg,3,3
data/raw/EuroSAT_RGB/Residential/Residential_1232.jpg,7,7
data/raw/EuroSAT_RGB/SeaLake/SeaLake_872.jpg,9,5
data/raw/EuroSAT_RGB/SeaLake/SeaLake_1226.jpg,9,7
data/raw/EuroSAT_RGB/Residential/Residential_1196.jpg,7,7
data/raw/EuroSAT_RGB/Industrial/Industrial_2447.jpg,4,4
data/raw/EuroSAT_RGB/HerbaceousVegetation/HerbaceousVegetation_381.jpg,2,7
data/raw/EuroSAT_RGB/AnnualCrop/AnnualCrop_1319.jpg,0,0
data/raw/EuroSAT_RGB/Residential/Residential_451.jpg,7,7
data/raw/EuroSAT_RGB/River/River_774.jpg,8,3
data/raw/EuroSAT_RGB/HerbaceousVegetation/HerbaceousVegetation_2786.jpg,2,2
data/raw/EuroSAT_RGB/Highway/Highway_1823.jpg,3,3
data/raw/EuroSAT_RGB/Forest/Forest_1326.jpg,1,1
data/raw/EuroSAT_RGB/Industrial/Industrial_24.jpg,4,4
data/raw/EuroSAT_RGB/Pasture/Pasture_473.jpg,5,7
data/raw/EuroSAT_RGB/Residential/Residential_1302.jpg,7,7
data/raw/EuroSAT_RGB/Residential/Residential_157.jpg,7,7
data/raw/EuroSAT_RGB/River/River_1883.jpg,8,8
data/raw/EuroSAT_RGB/AnnualCrop/AnnualCrop_2926.jpg,0,0
data/raw/EuroSAT_RGB/AnnualCrop/AnnualCrop_2349.jpg,0,0
data/raw/EuroSAT_RGB/Pasture/Pasture_1963.jpg,5,7
data/raw/EuroSAT_RGB/SeaLake/SeaLake_1082.jpg,9,1
data/raw/EuroSAT_RGB/PermanentCrop/PermanentCrop_1924.jpg,6,6
data/raw/EuroSAT_RGB/River/River_1309.jpg,8,8
data/raw/EuroSAT_RGB/Pasture/Pasture_480.jpg,5,1
data/raw/EuroSAT_RGB/Residential/Residential_140.jpg,7,7
data/raw/EuroSAT_RGB/Residential/Residential_1853.jpg,7,7
data/raw/EuroSAT_RGB/HerbaceousVegetation/HerbaceousVegetation_1490.jpg,2,6
data/raw/EuroSAT_RGB/Residential/Residential_136.jpg,7,7
data/raw/EuroSAT_RGB/AnnualCrop/AnnualCrop_2166.jpg,0,0
data/raw/EuroSAT_RGB/Industrial/Industrial_938.jpg,4,4
data/raw/EuroSAT_RGB/Residential/Residential_1670.jpg,7,7
data/raw/EuroSAT_RGB/HerbaceousVegetation/HerbaceousVegetation_222.jpg,2,7
data/raw/EuroSAT_RGB/Pasture/Pasture_649.jpg,5,7
data/raw/EuroSAT_RGB/PermanentCrop/PermanentCrop_339.jpg,6,7
data/raw/EuroSAT_RGB/Forest/Forest_1472.jpg,1,1
data/raw/EuroSAT_RGB/SeaLake/SeaLake_118.jpg,9,1
data/raw/EuroSAT_RGB/AnnualCrop/AnnualCrop_1462.jpg,0,0
data/raw/EuroSAT_RGB/Industrial/Industrial_1920.jpg,4,7
data/raw/EuroSAT_RGB/PermanentCrop/PermanentCrop_2495.jpg,6,7
data/raw/EuroSAT_RGB/Highway/Highway_245.jpg,3,3
data/raw/EuroSAT_RGB/River/River_976.jpg,8,8
data/raw/EuroSAT_RGB/Forest/Forest_520.jpg,1,1
data/raw/EuroSAT_RGB/Industrial/Industrial_1897.jpg,4,4
data/raw/EuroSAT_RGB/HerbaceousVegetation/HerbaceousVegetation_364.jpg,2,1
data/raw/EuroSAT_RGB/Highway/Highway_1489.jpg,3,3
data/raw/EuroSAT_RGB/Industrial/Industrial_66.jpg,4,4
data/raw/EuroSAT_RGB/SeaLake/SeaLake_953.jpg,9,1
data/raw/EuroSAT_RGB/PermanentCrop/PermanentCrop_2140.jpg,6,6
data/raw/EuroSAT_RGB/Pasture/Pasture_1283.jpg,5,5
data/raw/EuroSAT_RGB/Industrial/Industrial_1536.jpg,4,7
data/raw/EuroSAT_RGB/Forest/Forest_2417.jpg,1,1
data/raw/EuroSAT_RGB/PermanentCrop/PermanentCrop_445.jpg,6,6
data/raw/EuroSAT_RGB/Highway/Highway_424.jpg,3,7
data/raw/EuroSAT_RGB/Highway/Highway_939.jpg,3,3
data/raw/EuroSAT_RGB/Residential/Residential_1857.jpg,7,7
data/raw/EuroSAT_RGB/Industrial/Industrial_206.jpg,4,4
data/raw/EuroSAT_RGB/HerbaceousVegetation/HerbaceousVegetation_1419.jpg,2,1
data/raw/EuroSAT_RGB/Forest/Forest_2890.jpg,1,1
data/raw/EuroSAT_RGB/Highway/Highway_1979.jpg,3,3
data/raw/EuroSAT_RGB/SeaLake/SeaLake_1672.jpg,9,1
data/raw/EuroSAT_RGB/AnnualCrop/AnnualCrop_2872.jpg,0,0
data/raw/EuroSAT_RGB/SeaLake/SeaLake_472.jpg,9,1
data/raw/EuroSAT_RGB/Forest/Forest_479.jpg,1,1
data/raw/EuroSAT_RGB/Highway/Highway_509.jpg,3,3
data/raw/EuroSAT_RGB/River/River_1602.jpg,8,7
data/raw/EuroSAT_RGB/Forest/Forest_693.jpg,1,1
data/raw/EuroSAT_RGB/Residential/Residential_1263.jpg,7,7
data/raw/EuroSAT_RGB/Highway/Highway_2208.jpg,3,7
data/raw/EuroSAT_RGB/PermanentCrop/PermanentCrop_1839.jpg,6,6
data/raw/EuroSAT_RGB/Forest/Forest_172.jpg,1,1
data/raw/EuroSAT_RGB/AnnualCrop/AnnualCrop_2040.jpg,0,0
data/raw/EuroSAT_RGB/Industrial/Industrial_2026.jpg,4,4
data/raw/EuroSAT_RGB/Residential/Residential_1764.jpg,7,7
data/raw/EuroSAT_RGB/SeaLake/SeaLake_1732.jpg,9,1
data/raw/EuroSAT_RGB/HerbaceousVegetation/HerbaceousVegetation_198.jpg,2,7
data/raw/EuroSAT_RGB/PermanentCrop/PermanentCrop_320.jpg,6,6
data/raw/EuroSAT_RGB/Residential/Residential_1995.jpg,7,7
data/raw/EuroSAT_RGB/SeaLake/SeaLake_2910.jpg,9,7
data/raw/EuroSAT_RGB/Pasture/Pasture_983.jpg,5,1
data/raw/EuroSAT_RGB/HerbaceousVegetation/HerbaceousVegetation_2645.jpg,2,7
data/raw/EuroSAT_RGB/SeaLake/SeaLake_452.jpg,9,1
data/raw/EuroSAT_RGB/Industrial/Industrial_2171.jpg,4,4
data/raw/EuroSAT_RGB/Pasture/Pasture_919.jpg,5,1
data/raw/EuroSAT_RGB/Forest/Forest_1835.jpg,1,1
data/raw/EuroSAT_RGB/Residential/Residential_640.jpg,7,7
data/raw/EuroSAT_RGB/Residential/Residential_6.jpg,7,7
data/raw/EuroSAT_RGB/PermanentCrop/PermanentCrop_690.jpg,6,6
data/raw/EuroSAT_RGB/River/River_2135.jpg,8,8
data/raw/EuroSAT_RGB/River/River_1668.jpg,8,1
data/raw/EuroSAT_RGB/Residential/Residential_1474.jpg,7,7
data/raw/EuroSAT_RGB/SeaLake/SeaLake_2894.jpg,9,1
data/raw/EuroSAT_RGB/HerbaceousVegetation/HerbaceousVegetation_884.jpg,2,1
data/raw/EuroSAT_RGB/River/River_1137.jpg,8,7
data/raw/EuroSAT_RGB/PermanentCrop/PermanentCrop_924.jpg,6,7
data/raw/EuroSAT_RGB/Highway/Highway_2497.jpg,3,3
data/raw/EuroSAT_RGB/Forest/Forest_2649.jpg,1,1
data/raw/EuroSAT_RGB/AnnualCrop/AnnualCrop_2024.jpg,0,7
data/raw/EuroSAT_RGB/Residential/Residential_1373.jpg,7,7
data/raw/EuroSAT_RGB/HerbaceousVegetation/HerbaceousVegetation_140.jpg,2,1
data/raw/EuroSAT_RGB/HerbaceousVegetation/HerbaceousVegetation_2192.jpg,2,7
data/raw/EuroSAT_RGB/Highway/Highway_1789.jpg,3,7
data/raw/EuroSAT_RGB/HerbaceousVegetation/HerbaceousVegetation_1393.jpg,2,7
data/raw/EuroSAT_RGB/SeaLake/SeaLake_766.jpg,9,1
data/raw/EuroSAT_RGB/PermanentCrop/PermanentCrop_966.jpg,6,7
data/raw/EuroSAT_RGB/Industrial/Industrial_2093.jpg,4,4
data/raw/EuroSAT_RGB/AnnualCrop/AnnualCrop_1591.jpg,0,0
data/raw/EuroSAT_RGB/Forest/Forest_152.jpg,1,1
data/raw/EuroSAT_RGB/HerbaceousVegetation/HerbaceousVegetation_1192.jpg,2,7
data/raw/EuroSAT_RGB/PermanentCrop/PermanentCrop_1425.jpg,6,6
data/raw/EuroSAT_RGB/Industrial/Industrial_41.jpg,4,4
data/raw/EuroSAT_RGB/PermanentCrop/PermanentCrop_1162.jpg,6,6
data/raw/EuroSAT_RGB/Highway/Highway_614.jpg,3,3
data/raw/EuroSAT_RGB/AnnualCrop/AnnualCrop_2134.jpg,0,0
data/raw/EuroSAT_RGB/Forest/Forest_2002.jpg,1,1
data/raw/EuroSAT_RGB/SeaLake/SeaLake_716.jpg,9,1
data/raw/EuroSAT_RGB/Industrial/Industrial_166.jpg,4,4
data/raw/EuroSAT_RGB/Residential/Residential_2363.jpg,7,7
data/raw/EuroSAT_RGB/Highway/Highway_1301.jpg,3,3
data/raw/EuroSAT_RGB/HerbaceousVegetation/HerbaceousVegetation_415.jpg,2,1
data/raw/EuroSAT_RGB/Residential/Residential_399.jpg,7,7
data/raw/EuroSAT_RGB/Industrial/Industrial_174.jpg,4,4
data/raw/EuroSAT_RGB/SeaLake/SeaLake_888.jpg,9,1
data/raw/EuroSAT_RGB/SeaLake/SeaLake_1235.jpg,9,1
data/raw/EuroSAT_RGB/SeaLake/SeaLake_2825.jpg,9,1
data/raw/EuroSAT_RGB/SeaLake/SeaLake_2710.jpg,9,1
data/raw/EuroSAT_RGB/AnnualCrop/AnnualCrop_2048.jpg,0,0
data/raw/EuroSAT_RGB/PermanentCrop/PermanentCrop_1676.jpg,6,6
data/raw/EuroSAT_RGB/Forest/Forest_2212.jpg,1,1
data/raw/EuroSAT_RGB/Highway/Highway_1651.jpg,3,3
data/raw/EuroSAT_RGB/Pasture/Pasture_1691.jpg,5,7
data/raw/EuroSAT_RGB/Forest/Forest_2423.jpg,1,1
data/raw/EuroSAT_RGB/AnnualCrop/AnnualCrop_636.jpg,0,7
data/raw/EuroSAT_RGB/Forest/Forest_221.jpg,1,1
data/raw/EuroSAT_RGB/HerbaceousVegetation/HerbaceousVegetation_1307.jpg,2,1
data/raw/EuroSAT_RGB/SeaLake/SeaLake_2667.jpg,9,1
data/raw/EuroSAT_RGB/Highway/Highway_309.jpg,3,3
data/raw/EuroSAT_RGB/PermanentCrop/PermanentCrop_1108.jpg,6,7
data/raw/EuroSAT_RGB/Residential/Residential_1847.jpg,7,7
data/raw/EuroSAT_RGB/Highway/Highway_1320.jpg,3,3
data/raw/EuroSAT_RGB/PermanentCrop/PermanentCrop_334.jpg,6,7
data/raw/EuroSAT_RGB/SeaLake/SeaLake_1853.jpg,9,1
data/raw/EuroSAT_RGB/Highway/Highway_1476.jpg,3,3
data/raw/EuroSAT_RGB/HerbaceousVegetation/HerbaceousVegetation_972.jpg,2,7
data/raw/EuroSAT_RGB/Industrial/Industrial_1068.jpg,4,4
data/raw/EuroSAT_RGB/Residential/Residential_2532.jpg,7,7
data/raw/EuroSAT_RGB/Forest/Forest_1355.jpg,1,1
data/raw/EuroSAT_RGB/Residential/Residential_1283.jpg,7,7
data/raw/EuroSAT_RGB/River/River_2049.jpg,8,8
data/raw/EuroSAT_RGB/Industrial/Industrial_1804.jpg,4,7
data/raw/EuroSAT_RGB/PermanentCrop/PermanentCrop_2360.jpg,6,6
data/raw/EuroSAT_RGB/PermanentCrop/PermanentCrop_581.jpg,6,6
data/raw/EuroSAT_RGB/AnnualCrop/AnnualCrop_907.jpg,0,0
data/raw/EuroSAT_RGB/SeaLake/SeaLake_914.jpg,9,1
data/raw/EuroSAT_RGB/SeaLake/SeaLake_732.jpg,9,1
data/raw/EuroSAT_RGB/River/River_2183.jpg,8,1
data/raw/EuroSAT_RGB/Highway/Highway_953.jpg,3,3
data/raw/EuroSAT_RGB/Highway/Highway_1181.jpg,3,3
data/raw/EuroSAT_RGB/Forest/Forest_2025.jpg,1,1
data/raw/EuroSAT_RGB/SeaLake/SeaLake_2992.jpg,9,1
data/raw/EuroSAT_RGB/Residential/Residential_1376.jpg,7,7
data/raw/EuroSAT_RGB/PermanentCrop/PermanentCrop_2249.jpg,6,7
data/raw/EuroSAT_RGB/Highway/Highway_2065.jpg,3,3
data/raw/EuroSAT_RGB/HerbaceousVegetation/HerbaceousVegetation_1882.jpg,2,2
data/raw/EuroSAT_RGB/HerbaceousVegetation/HerbaceousVegetation_365.jpg,2,2
data/raw/EuroSAT_RGB/Residential/Residential_1661.jpg,7,7
data/raw/EuroSAT_RGB/AnnualCrop/AnnualCrop_1569.jpg,0,0
data/raw/EuroSAT_RGB/Forest/Forest_1610.jpg,1,1
data/raw/EuroSAT_RGB/PermanentCrop/PermanentCrop_57.jpg,6,6
data/raw/EuroSAT_RGB/AnnualCrop/AnnualCrop_415.jpg,0,0
data/raw/EuroSAT_RGB/AnnualCrop/AnnualCrop_1686.jpg,0,0
data/raw/EuroSAT_RGB/Industrial/Industrial_1295.jpg,4,4
data/raw/EuroSAT_RGB/Highway/Highway_793.jpg,3,3
data/raw/EuroSAT_RGB/SeaLake/SeaLake_1956.jpg,9,1
data/raw/EuroSAT_RGB/Highway/Highway_2165.jpg,3,3
data/raw/EuroSAT_RGB/SeaLake/SeaLake_1049.jpg,9,1
data/raw/EuroSAT_RGB/Forest/Forest_2191.jpg,1,1
data/raw/EuroSAT_RGB/Pasture/Pasture_1706.jpg,5,1
data/raw/EuroSAT_RGB/River/River_2062.jpg,8,1
data/raw/EuroSAT_RGB/PermanentCrop/PermanentCrop_391.jpg,6,6
data/raw/EuroSAT_RGB/PermanentCrop/PermanentCrop_425.jpg,6,6
data/raw/EuroSAT_RGB/AnnualCrop/AnnualCrop_238.jpg,0,1
data/raw/EuroSAT_RGB/PermanentCrop/PermanentCrop_369.jpg,6,6
data/raw/EuroSAT_RGB/PermanentCrop/PermanentCrop_920.jpg,6,6
data/raw/EuroSAT_RGB/River/River_641.jpg,8,8
data/raw/EuroSAT_RGB/Pasture/Pasture_1379.jpg,5,7
data/raw/EuroSAT_RGB/Highway/Highway_71.jpg,3,3
data/raw/EuroSAT_RGB/River/River_1293.jpg,8,8
data/raw/EuroSAT_RGB/Forest/Forest_2598.jpg,1,1
data/raw/EuroSAT_RGB/SeaLake/SeaLake_293.jpg,9,7
data/raw/EuroSAT_RGB/SeaLake/SeaLake_1796.jpg,9,1
data/raw/EuroSAT_RGB/Pasture/Pasture_792.jpg,5,1
data/raw/EuroSAT_RGB/Forest/Forest_1523.jpg,1,1
data/raw/EuroSAT_RGB/River/River_684.jpg,8,8
data/raw/EuroSAT_RGB/Residential/Residential_82.jpg,7,7
data/raw/EuroSAT_RGB/Industrial/Industrial_205.jpg,4,4
data/raw/EuroSAT_RGB/AnnualCrop/AnnualCrop_2736.jpg,0,0
data/raw/EuroSAT_RGB/PermanentCrop/PermanentCrop_605.jpg,6,2
data/raw/EuroSAT_RGB/Forest/Forest_3.jpg,1,1
data/raw/EuroSAT_RGB/Forest/Forest_2612.jpg,1,1
data/raw/EuroSAT_RGB/Forest/Forest_1197.jpg,1,1
data/raw/EuroSAT_RGB/Forest/Forest_2113.jpg,1,1
data/raw/EuroSAT_RGB/Industrial/Industrial_1290.jpg,4,4
data/raw/EuroSAT_RGB/Industrial/Industrial_2498.jpg,4,4
data/raw/EuroSAT_RGB/Highway/Highway_1482.jpg,3,3
data/raw/EuroSAT_RGB/Residential/Residential_197.jpg,7,7
data/raw/EuroSAT_RGB/SeaLake/SeaLake_801.jpg,9,1
data/raw/EuroSAT_RGB/AnnualCrop/AnnualCrop_2516.jpg,0,0
data/raw/EuroSAT_RGB/Pasture/Pasture_944.jpg,5,1
data/raw/EuroSAT_RGB/PermanentCrop/PermanentCrop_1562.jpg,6,7
data/raw/EuroSAT_RGB/AnnualCrop/AnnualCrop_1943.jpg,0,0
data/raw/EuroSAT_RGB/Residential/Residential_1849.jpg,7,7
data/raw/EuroSAT_RGB/HerbaceousVegetation/HerbaceousVegetation_1843.jpg,2,1
data/raw/EuroSAT_RGB/Residential/Residential_1355.jpg,7,7
data/raw/EuroSAT_RGB/SeaLake/SeaLake_2772.jpg,9,1
data/raw/EuroSAT_RGB/Residential/Residential_678.jpg,7,7
data/raw/EuroSAT_RGB/River/River_1070.jpg,8,7
data/raw/EuroSAT_RGB/Residential/Residential_1793.jpg,7,7
data/raw/EuroSAT_RGB/River/River_1498.jpg,8,7
data/raw/EuroSAT_RGB/Forest/Forest_2463.jpg,1,1
data/raw/EuroSAT_RGB/Highway/Highway_773.jpg,3,3
data/raw/EuroSAT_RGB/AnnualCrop/AnnualCrop_186.jpg,0,0
data/raw/EuroSAT_RGB/Residential/Residential_141.jpg,7,7
data/raw/EuroSAT_RGB/HerbaceousVegetation/HerbaceousVegetation_1827.jpg,2,1
data/raw/EuroSAT_RGB/PermanentCrop/PermanentCrop_986.jpg,6,6
data/raw/EuroSAT_RGB/Highway/Highway_2307.jpg,3,3
data/raw/EuroSAT_RGB/Highway/Highway_92.jpg,3,3
data/raw/EuroSAT_RGB/Industrial/Industrial_1310.jpg,4,4
data/raw/EuroSAT_RGB/Industrial/Industrial_727.jpg,4,4
data/raw/EuroSAT_RGB/Pasture/Pasture_626.jpg,5,7
data/raw/EuroSAT_RGB/Industrial/Industrial_1717.jpg,4,4
data/raw/EuroSAT_RGB/AnnualCrop/AnnualCrop_925.jpg,0,0
data/raw/EuroSAT_RGB/Highway/Highway_2037.jpg,3,3
data/raw/EuroSAT_RGB/Forest/Forest_662.jpg,1,1
data/raw/EuroSAT_RGB/Residential/Residential_1227.jpg,7,7
data/raw/EuroSAT_RGB/PermanentCrop/PermanentCrop_1608.jpg,6,7
data/raw/EuroSAT_RGB/AnnualCrop/AnnualCrop_389.jpg,0,0
data/raw/EuroSAT_RGB/PermanentCrop/PermanentCrop_45.jpg,6,7
data/raw/EuroSAT_RGB/HerbaceousVegetation/HerbaceousVegetation_1984.jpg,2,1
data/raw/EuroSAT_RGB/SeaLake/SeaLake_630.jpg,9,1
data/raw/EuroSAT_RGB/SeaLake/SeaLake_1750.jpg,9,1
data/raw/EuroSAT_RGB/River/River_615.jpg,8,8
data/raw/EuroSAT_RGB/AnnualCrop/AnnualCrop_732.jpg,0,1
data/raw/EuroSAT_RGB/Pasture/Pasture_324.jpg,5,5
data/raw/EuroSAT_RGB/River/River_1525.jpg,8,8
data/raw/EuroSAT_RGB/River/River_1108.jpg,8,7
data/raw/EuroSAT_RGB/PermanentCrop/PermanentCrop_2324.jpg,6,6
data/raw/EuroSAT_RGB/Highway/Highway_1340.jpg,3,3
data/raw/EuroSAT_RGB/Pasture/Pasture_139.jpg,5,1
data/raw/EuroSAT_RGB/Highway/Highway_832.jpg,3,3
data/raw/EuroSAT_RGB/Industrial/Industrial_1021.jpg,4,4
data/raw/EuroSAT_RGB/River/River_951.jpg,8,8
data/raw/EuroSAT_RGB/AnnualCrop/AnnualCrop_300.jpg,0,0
data/raw/EuroSAT_RGB/AnnualCrop/AnnualCrop_1793.jpg,0,0
data/raw/EuroSAT_RGB/River/River_1336.jpg,8,1
data/raw/EuroSAT_RGB/Industrial/Industrial_2114.jpg,4,4
data/raw/EuroSAT_RGB/River/River_577.jpg,8,8
data/raw/EuroSAT_RGB/HerbaceousVegetation/HerbaceousVegetation_2629.jpg,2,2
data/raw/EuroSAT_RGB/SeaLake/SeaLake_1012.jpg,9,1
data/raw/EuroSAT_RGB/Forest/Forest_88.jpg,1,1
data/raw/EuroSAT_RGB/Industrial/Industrial_1530.jpg,4,4
data/raw/EuroSAT_RGB/HerbaceousVegetation/HerbaceousVegetation_2586.jpg,2,7
data/raw/EuroSAT_RGB/River/River_1109.jpg,8,1
data/raw/EuroSAT_RGB/SeaLake/SeaLake_2771.jpg,9,1
data/raw/EuroSAT_RGB/Forest/Forest_379.jpg,1,1
data/raw/EuroSAT_RGB/Residential/Residential_2249.jpg,7,7
data/raw/EuroSAT_RGB/AnnualCrop/AnnualCrop_1017.jpg,0,0
data/raw/EuroSAT_RGB/River/River_2287.jpg,8,8
data/raw/EuroSAT_RGB/SeaLake/SeaLake_1877.jpg,9,1
data/raw/EuroSAT_RGB/Residential/Residential_2685.jpg,7,7
data/raw/EuroSAT_RGB/Forest/Forest_636.jpg,1,1
data/raw/EuroSAT_RGB/HerbaceousVegetation/HerbaceousVegetation_329.jpg,2,7
data/raw/EuroSAT_RGB/PermanentCrop/PermanentCrop_1259.jpg,6,6
data/raw/EuroSAT_RGB/Forest/Forest_1556.jpg,1,1
data/raw/EuroSAT_RGB/Industrial/Industrial_1394.jpg,4,4
data/raw/EuroSAT_RGB/Pasture/Pasture_1425.jpg,5,1
data/raw/EuroSAT_RGB/Residential/Residential_1734.jpg,7,7
data/raw/EuroSAT_RGB/Residential/Residential_886.jpg,7,7
data/raw/EuroSAT_RGB/River/River_821.jpg,8,7
data/raw/EuroSAT_RGB/Pasture/Pasture_1637.jpg,5,1
data/raw/EuroSAT_RGB/Forest/Forest_352.jpg,1,1
data/raw/EuroSAT_RGB/Forest/Forest_2299.jpg,1,1
data/raw/EuroSAT_RGB/PermanentCrop/PermanentCrop_762.jpg,6,6
data/raw/EuroSAT_RGB/HerbaceousVegetation/HerbaceousVegetation_538.jpg,2,2
data/raw/EuroSAT_RGB/Pasture/Pasture_1556.jpg,5,7
data/raw/EuroSAT_RGB/Residential/Residential_766.jpg,7,7
data/raw/EuroSAT_RGB/SeaLake/SeaLake_124.jpg,9,1
data/raw/EuroSAT_RGB/Residential/Residential_2772.jpg,7,7
data/raw/EuroSAT_RGB/HerbaceousVegetation/HerbaceousVegetation_45.jpg,2,7
data/raw/EuroSAT_RGB/PermanentCrop/PermanentCrop_277.jpg,6,7
data/raw/EuroSAT_RGB/SeaLake/SeaLake_300.jpg,9,1
data/raw/EuroSAT_RGB/River/River_2121.jpg,8,8
data/raw/EuroSAT_RGB/Industrial/Industrial_2113.jpg,4,4
data/raw/EuroSAT_RGB/Residential/Residential_2078.jpg,7,7
data/raw/EuroSAT_RGB/Residential/Residential_1900.jpg,7,7
data/raw/EuroSAT_RGB/Highway/Highway_1566.jpg,3,3
data/raw/EuroSAT_RGB/AnnualCrop/AnnualCrop_1015.jpg,0,0
data/raw/EuroSAT_RGB/Forest/Forest_707.jpg,1,1
data/raw/EuroSAT_RGB/Pasture/Pasture_774.jpg,5,7
data/raw/EuroSAT_RGB/Residential/Residential_1984.jpg,7,7
data/raw/EuroSAT_RGB/SeaLake/SeaLake_2269.jpg,9,1
data/raw/EuroSAT_RGB/SeaLake/SeaLake_778.jpg,9,1
data/raw/EuroSAT_RGB/Residential/Residential_2669.jpg,7,7
data/raw/EuroSAT_RGB/AnnualCrop/AnnualCrop_1490.jpg,0,0
data/raw/EuroSAT_RGB/SeaLake/SeaLake_218.jpg,9,1
data/raw/EuroSAT_RGB/Residential/Residential_718.jpg,7,7
data/raw/EuroSAT_RGB/HerbaceousVegetation/HerbaceousVegetation_1991.jpg,2,7
data/raw/EuroSAT_RGB/SeaLake/SeaLake_1668.jpg,9,1
data/raw/EuroSAT_RGB/AnnualCrop/AnnualCrop_1651.jpg,0,1
data/raw/EuroSAT_RGB/River/River_1763.jpg,8,3
data/raw/EuroSAT_RGB/Forest/Forest_2999.jpg,1,1
data/raw/EuroSAT_RGB/River/River_1762.jpg,8,8
data/raw/EuroSAT_RGB/PermanentCrop/PermanentCrop_1206.jpg,6,6
data/raw/EuroSAT_RGB/Residential/Residential_2910.jpg,7,7
data/raw/EuroSAT_RGB/Residential/Residential_2592.jpg,7,7
data/raw/EuroSAT_RGB/Forest/Forest_1646.jpg,1,1
data/raw/EuroSAT_RGB/Industrial/Industrial_366.jpg,4,4
data/raw/EuroSAT_RGB/River/River_550.jpg,8,8
data/raw/EuroSAT_RGB/SeaLake/SeaLake_952.jpg,9,1
data/raw/EuroSAT_RGB/PermanentCrop/PermanentCrop_1896.jpg,6,6
data/raw/EuroSAT_RGB/Industrial/Industrial_907.jpg,4,4
data/raw/EuroSAT_RGB/SeaLake/SeaLake_1522.jpg,9,1
data/raw/EuroSAT_RGB/PermanentCrop/PermanentCrop_152.jpg,6,6
data/raw/EuroSAT_RGB/Residential/Residential_160.jpg,7,7
data/raw/EuroSAT_RGB/HerbaceousVegetation/HerbaceousVegetation_1464.jpg,2,7
data/raw/EuroSAT_RGB/Forest/Forest_753.jpg,1,1
data/raw/EuroSAT_RGB/Pasture/Pasture_1743.jpg,5,1
data/raw/EuroSAT_RGB/Highway/Highway_1483.jpg,3,8
data/raw/EuroSAT_RGB/Pasture/Pasture_486.jpg,5,7
data/raw/EuroSAT_RGB/Industrial/Industrial_725.jpg,4,4
data/raw/EuroSAT_RGB/HerbaceousVegetation/HerbaceousVegetation_2575.jpg,2,1
data/raw/EuroSAT_RGB/SeaLake/SeaLake_2975.jpg,9,1
data/raw/EuroSAT_RGB/SeaLake/SeaLake_849.jpg,9,1
data/raw/EuroSAT_RGB/PermanentCrop/PermanentCrop_1423.jpg,6,7
data/raw/EuroSAT_RGB/Pasture/Pasture_276.jpg,5,1
data/raw/EuroSAT_RGB/Forest/Forest_2748.jpg,1,1
data/raw/EuroSAT_RGB/HerbaceousVegetation/HerbaceousVegetation_2244.jpg,2,7
data/raw/EuroSAT_RGB/SeaLake/SeaLake_749.jpg,9,1
data/raw/EuroSAT_RGB/AnnualCrop/AnnualCrop_1351.jpg,0,0
data/raw/EuroSAT_RGB/HerbaceousVegetation/HerbaceousVegetation_2987.jpg,2,2
data/raw/EuroSAT_RGB/PermanentCrop/PermanentCrop_550.jpg,6,7
data/raw/EuroSAT_RGB/River/River_46.jpg,8,8
data/raw/EuroSAT_RGB/SeaLake/SeaLake_2071.jpg,9,1
data/raw/EuroSAT_RGB/HerbaceousVegetation/HerbaceousVegetation_1392.jpg,2,7
data/raw/EuroSAT_RGB/Residential/Residential_1225.jpg,7,7
data/raw/EuroSAT_RGB/Highway/Highway_2176.jpg,3,3
data/raw/EuroSAT_RGB/River/River_1585.jpg,8,8
data/raw/EuroSAT_RGB/Residential/Residential_634.jpg,7,7
data/raw/EuroSAT_RGB/HerbaceousVegetation/HerbaceousVegetation_2678.jpg,2,7
data/raw/EuroSAT_RGB/Forest/Forest_2443.jpg,1,1
data/raw/EuroSAT_RGB/Industrial/Industrial_2119.jpg,4,4
data/raw/EuroSAT_RGB/PermanentCrop/PermanentCrop_174.jpg,6,6
data/raw/EuroSAT_RGB/Residential/Residential_2141.jpg,7,7
data/raw/EuroSAT_RGB/SeaLake/SeaLake_1372.jpg,9,1
data/raw/EuroSAT_RGB/SeaLake/SeaLake_36.jpg,9,1
data/raw/EuroSAT_RGB/Residential/Residential_2379.jpg,7,7
data/raw/EuroSAT_RGB/Forest/Forest_263.jpg,1,1
data/raw/EuroSAT_RGB/HerbaceousVegetation/HerbaceousVegetation_2853.jpg,2,2
data/raw/EuroSAT_RGB/Residential/Residential_206.jpg,7,7
data/raw/EuroSAT_RGB/Pasture/Pasture_1546.jpg,5,1
data/raw/EuroSAT_RGB/PermanentCrop/PermanentCrop_1411.jpg,6,6
data/raw/EuroSAT_RGB/AnnualCrop/AnnualCrop_867.jpg,0,0
data/raw/EuroSAT_RGB/PermanentCrop/PermanentCrop_340.jpg,6,7
data/raw/EuroSAT_RGB/SeaLake/SeaLake_282.jpg,9,1
data/raw/EuroSAT_RGB/Industrial/Industrial_2028.jpg,4,4
data/raw/EuroSAT_RGB/AnnualCrop/AnnualCrop_53.jpg,0,0
data/raw/EuroSAT_RGB/Industrial/Industrial_1737.jpg,4,4
data/raw/EuroSAT_RGB/SeaLake/SeaLake_656.jpg,9,1
data/raw/EuroSAT_RGB/Residential/Residential_839.jpg,7,7
data/raw/EuroSAT_RGB/HerbaceousVegetation/HerbaceousVegetation_1928.jpg,2,2
data/raw/EuroSAT_RGB/HerbaceousVegetation/HerbaceousVegetation_1338.jpg,2,1
data/raw/EuroSAT_RGB/HerbaceousVegetation/HerbaceousVegetation_621.jpg,2,1
data/raw/EuroSAT_RGB/AnnualCrop/AnnualCrop_670.jpg,0,0
data/raw/EuroSAT_RGB/AnnualCrop/AnnualCrop_1065.jpg,0,0
data/raw/EuroSAT_RGB/AnnualCrop/AnnualCrop_179.jpg,0,0
data/raw/EuroSAT_RGB/Forest/Forest_233.jpg,1,1
data/raw/EuroSAT_RGB/Highway/Highway_1280.jpg,3,3
data/raw/EuroSAT_RGB/SeaLake/SeaLake_334.jpg,9,1
data/raw/EuroSAT_RGB/HerbaceousVegetation/HerbaceousVegetation_1171.jpg,2,2
data/raw/EuroSAT_RGB/AnnualCrop/AnnualCrop_106.jpg,0,0
data/raw/EuroSAT_RGB/Industrial/Industrial_1649.jpg,4,7
data/raw/EuroSAT_RGB/Pasture/Pasture_459.jpg,5,1
data/raw/EuroSAT_RGB/Pasture/Pasture_432.jpg,5,7
data/raw/EuroSAT_RGB/SeaLake/SeaLake_1930.jpg,9,1
data/raw/EuroSAT_RGB/Pasture/Pasture_602.jpg,5,1
data/raw/EuroSAT_RGB/Forest/Forest_974.jpg,1,7
data/raw/EuroSAT_RGB/SeaLake/SeaLake_996.jpg,9,1
data/raw/EuroSAT_RGB/River/River_2310.jpg,8,1
data/raw/EuroSAT_RGB/HerbaceousVegetation/HerbaceousVegetation_2955.jpg,2,7
data/raw/EuroSAT_RGB/Pasture/Pasture_1262.jpg,5,1
data/raw/EuroSAT_RGB/Residential/Residential_867.jpg,7,7
data/raw/EuroSAT_RGB/River/River_2152.jpg,8,8
data/raw/EuroSAT_RGB/SeaLake/SeaLake_2630.jpg,9,1
data/raw/EuroSAT_RGB/River/River_2474.jpg,8,8
data/raw/EuroSAT_RGB/Industrial/Industrial_1037.jpg,4,4
data/raw/EuroSAT_RGB/HerbaceousVegetation/HerbaceousVegetation_836.jpg,2,7
data/raw/EuroSAT_RGB/Pasture/Pasture_896.jpg,5,7
data/raw/EuroSAT_RGB/Industrial/Industrial_969.jpg,4,4
data/raw/EuroSAT_RGB/Highway/Highway_70.jpg,3,3
data/raw/EuroSAT_RGB/Residential/Residential_324.jpg,7,7
data/raw/EuroSAT_RGB/Residential/Residential_38.jpg,7,7
data/raw/EuroSAT_RGB/Residential/Residential_2494.jpg,7,7
data/raw/EuroSAT_RGB/AnnualCrop/AnnualCrop_1834.jpg,0,0
data/raw/EuroSAT_RGB/AnnualCrop/AnnualCrop_2750.jpg,0,1
data/raw/EuroSAT_RGB/Forest/Forest_27.jpg,1,1
data/raw/EuroSAT_RGB/HerbaceousVegetation/HerbaceousVegetation_2380.jpg,2,1
data/raw/EuroSAT_RGB/Pasture/Pasture_1557.jpg,5,7
data/raw/EuroSAT_RGB/Forest/Forest_946.jpg,1,1
data/raw/EuroSAT_RGB/Residential/Residential_2895.jpg,7,7
data/raw/EuroSAT_RGB/PermanentCrop/PermanentCrop_675.jpg,6,1
data/raw/EuroSAT_RGB/Highway/Highway_1034.jpg,3,3
data/raw/EuroSAT_RGB/River/River_480.jpg,8,1
data/raw/EuroSAT_RGB/SeaLake/SeaLake_501.jpg,9,1
data/raw/EuroSAT_RGB/HerbaceousVegetation/HerbaceousVegetation_2468.jpg,2,1
data/raw/EuroSAT_RGB/Industrial/Industrial_383.jpg,4,4
data/raw/EuroSAT_RGB/Highway/Highway_2472.jpg,3,3
data/raw/EuroSAT_RGB/River/River_2237.jpg,8,5
data/raw/EuroSAT_RGB/SeaLake/SeaLake_583.jpg,9,1
data/raw/EuroSAT_RGB/Residential/Residential_2156.jpg,7,7
data/raw/EuroSAT_RGB/Residential/Residential_61.jpg,7,7
data/raw/EuroSAT_RGB/Residential/Residential_378.jpg,7,7
data/raw/EuroSAT_RGB/Forest/Forest_1534.jpg,1,1
data/raw/EuroSAT_RGB/Highway/Highway_1354.jpg,3,3
data/raw/EuroSAT_RGB/AnnualCrop/AnnualCrop_1795.jpg,0,7
data/raw/EuroSAT_RGB/Forest/Forest_819.jpg,1,1
data/raw/EuroSAT_RGB/Pasture/Pasture_1448.jpg,5,1
data/raw/EuroSAT_RGB/Residential/Residential_2313.jpg,7,7
data/raw/EuroSAT_RGB/River/River_468.jpg,8,8
data/raw/EuroSAT_RGB/River/River_465.jpg,8,3
data/raw/EuroSAT_RGB/Pasture/Pasture_399.jpg,5,7
data/raw/EuroSAT_RGB/AnnualCrop/AnnualCrop_2884.jpg,0,0
data/raw/EuroSAT_RGB/Residential/Residential_553.jpg,7,7
data/raw/EuroSAT_RGB/PermanentCrop/PermanentCrop_764.jpg,6,6
data/raw/EuroSAT_RGB/Highway/Highway_2224.jpg,3,3
data/raw/EuroSAT_RGB/Pasture/Pasture_36.jpg,5,1
data/raw/EuroSAT_RGB/HerbaceousVegetation/HerbaceousVegetation_846.jpg,2,2
data/raw/EuroSAT_RGB/AnnualCrop/AnnualCrop_289.jpg,0,0
data/raw/EuroSAT_RGB/Industrial/Industrial_1976.jpg,4,4
data/raw/EuroSAT_RGB/Residential/Residential_1961.jpg,7,7
data/raw/EuroSAT_RGB/AnnualCrop/AnnualCrop_1874.jpg,0,0
data/raw/EuroSAT_RGB/SeaLake/SeaLake_1177.jpg,9,1
data/raw/EuroSAT_RGB/Industrial/Industrial_2062.jpg,4,4
data/raw/EuroSAT_RGB/AnnualCrop/AnnualCrop_1200.jpg,0,0
data/raw/EuroSAT_RGB/HerbaceousVegetation/HerbaceousVegetation_935.jpg,2,1
data/raw/EuroSAT_RGB/AnnualCrop/AnnualCrop_2522.jpg,0,0
data/raw/EuroSAT_RGB/AnnualCrop/AnnualCrop_2411.jpg,0,0
data/raw/EuroSAT_RGB/Industrial/Industrial_706.jpg,4,4
data/raw/EuroSAT_RGB/AnnualCrop/AnnualCrop_985.jpg,0,0
data/raw/EuroSAT_RGB/Residential/Residential_1056.jpg,7,7
data/raw/EuroSAT_RGB/SeaLake/SeaLake_677.jpg,9,1
data/raw/EuroSAT_RGB/Residential/Residential_2657.jpg,7,7
data/raw/EuroSAT_RGB/Pasture/Pasture_1497.jpg,5,1
data/raw/EuroSAT_RGB/Industrial/Industrial_2372.jpg,4,4
data/raw/EuroSAT_RGB/SeaLake/SeaLake_2817.jpg,9,1
data/raw/EuroSAT_RGB/Residential/Residential_1248.jpg,7,7
data/raw/EuroSAT_RGB/Industrial/Industrial_1712.jpg,4,4
data/raw/EuroSAT_RGB/Industrial/Industrial_1355.jpg,4,4
data/raw/EuroSAT_RGB/Highway/Highway_1217.jpg,3,3
data/raw/EuroSAT_RGB/AnnualCrop/AnnualCrop_1434.jpg,0,0
data/raw/EuroSAT_RGB/River/River_2439.jpg,8,8
data/raw/EuroSAT_RGB/PermanentCrop/PermanentCrop_616.jpg,6,7
data/raw/EuroSAT_RGB/AnnualCrop/AnnualCrop_937.jpg,0,0
data/raw/EuroSAT_RGB/Pasture/Pasture_1377.jpg,5,5
data/raw/EuroSAT_RGB/Highway/Highway_2084.jpg,3,3
data/raw/EuroSAT_RGB/River/River_2083.jpg,8,8
data/raw/EuroSAT_RGB/River/River_1824.jpg,8,8
data/raw/EuroSAT_RGB/AnnualCrop/AnnualCrop_2195.jpg,0,0
data/raw/EuroSAT_RGB/Residential/Residential_1158.jpg,7,7
data/raw/EuroSAT_RGB/Residential/Residential_277.jpg,7,7
data/raw/EuroSAT_RGB/Residential/Residential_2768.jpg,7,7
data/raw/EuroSAT_RGB/River/River_292.jpg,8,8
data/raw/EuroSAT_RGB/SeaLake/SeaLake_876.jpg,9,1
data/raw/EuroSAT_RGB/Residential/Residential_2990.jpg,7,7
data/raw/EuroSAT_RGB/AnnualCrop/AnnualCrop_2948.jpg,0,0
data/raw/EuroSAT_RGB/PermanentCrop/PermanentCrop_905.jpg,6,1
data/raw/EuroSAT_RGB/HerbaceousVegetation/HerbaceousVegetation_307.jpg,2,7
data/raw/EuroSAT_RGB/River/River_117.jpg,8,8
data/raw/EuroSAT_RGB/AnnualCrop/AnnualCrop_1674.jpg,0,0
data/raw/EuroSAT_RGB/Industrial/Industrial_894.jpg,4,4
data/raw/EuroSAT_RGB/Forest/Forest_1176.jpg,1,1
data/raw/EuroSAT_RGB/Highway/Highway_706.jpg,3,3
data/raw/EuroSAT_RGB/River/River_341.jpg,8,8
data/raw/EuroSAT_RGB/Highway/Highway_1313.jpg,3,3
data/raw/EuroSAT_RGB/Residential/Residential_1108.jpg,7,7
data/raw/EuroSAT_RGB/River/River_368.jpg,8,8
data/raw/EuroSAT_RGB/Industrial/Industrial_1049.jpg,4,4
data/raw/EuroSAT_RGB/AnnualCrop/AnnualCrop_1877.jpg,0,1
data/raw/EuroSAT_RGB/Highway/Highway_840.jpg,3,7
data/raw/EuroSAT_RGB/PermanentCrop/PermanentCrop_793.jpg,6,6
data/raw/EuroSAT_RGB/Residential/Residential_1579.jpg,7,7
data/raw/EuroSAT_RGB/Forest/Forest_2954.jpg,1,1
data/raw/EuroSAT_RGB/Residential/Residential_1358.jpg,7,7
data/raw/EuroSAT_RGB/Forest/Forest_2887.jpg,1,1
data/raw/EuroSAT_RGB/AnnualCrop/AnnualCrop_1563.jpg,0,0
data/raw/EuroSAT_RGB/Residential/Residential_306.jpg,7,7
data/raw/EuroSAT_RGB/Forest/Forest_1599.jpg,1,1
data/raw/EuroSAT_RGB/SeaLake/SeaLake_1391.jpg,9,1
data/raw/EuroSAT_RGB/Highway/Highway_996.jpg,3,3
data/raw/EuroSAT_RGB/Forest/Forest_692.jpg,1,1
data/raw/EuroSAT_RGB/AnnualCrop/AnnualCrop_2714.jpg,0,0
data/raw/EuroSAT_RGB/Industrial/Industrial_1703.jpg,4,4
data/raw/EuroSAT_RGB/River/River_2161.jpg,8,8
data/raw/EuroSAT_RGB/PermanentCrop/PermanentCrop_351.jpg,6,7
data/raw/EuroSAT_RGB/SeaLake/SeaLake_2180.jpg,9,1
data/raw/EuroSAT_RGB/Forest/Forest_731.jpg,1,1
data/raw/EuroSAT_RGB/Pasture/Pasture_356.jpg,5,1
data/raw/EuroSAT_RGB/PermanentCrop/PermanentCrop_1811.jpg,6,7
data/raw/EuroSAT_RGB/Residential/Residential_1954.jpg,7,7
data/raw/EuroSAT_RGB/Residential/Residential_1601.jpg,7,7
data/raw/EuroSAT_RGB/Forest/Forest_1735.jpg,1,1
data/raw/EuroSAT_RGB/HerbaceousVegetation/HerbaceousVegetation_2067.jpg,2,2
data/raw/EuroSAT_RGB/SeaLake/SeaLake_1679.jpg,9,1
data/raw/EuroSAT_RGB/Pasture/Pasture_734.jpg,5,1
data/raw/EuroSAT_RGB/Residential/Residential_2508.jpg,7,7
data/raw/EuroSAT_RGB/Forest/Forest_549.jpg,1,1
data/raw/EuroSAT_RGB/Residential/Residential_2273.jpg,7,7
data/raw/EuroSAT_RGB/Pasture/Pasture_818.jpg,5,1
data/raw/EuroSAT_RGB/PermanentCrop/PermanentCrop_2459.jpg,6,6
data/raw/EuroSAT_RGB/SeaLake/SeaLake_755.jpg,9,1
data/raw/EuroSAT_RGB/SeaLake/SeaLake_311.jpg,9,1
data/raw/EuroSAT_RGB/Highway/Highway_652.jpg,3,3
data/raw/EuroSAT_RGB/SeaLake/SeaLake_503.jpg,9,1
data/raw/EuroSAT_RGB/HerbaceousVegetation/HerbaceousVegetation_2996.jpg,2,1
data/raw/EuroSAT_RGB/Residential/Residential_132.jpg,7,7
data/raw/EuroSAT_RGB/SeaLake/SeaLake_2241.jpg,9,1
data/raw/EuroSAT_RGB/Highway/Highway_2447.jpg,3,3
data/raw/EuroSAT_RGB/AnnualCrop/AnnualCrop_2005.jpg,0,0
data/raw/EuroSAT_RGB/Pasture/Pasture_1451.jpg,5,1
data/raw/EuroSAT_RGB/Residential/Residential_88.jpg,7,7
data/raw/EuroSAT_RGB/Forest/Forest_192.jpg,1,1
data/raw/EuroSAT_RGB/HerbaceousVegetation/HerbaceousVegetation_773.jpg,2,2
data/raw/EuroSAT_RGB/Pasture/Pasture_1952.jpg,5,5
data/raw/EuroSAT_RGB/AnnualCrop/AnnualCrop_2064.jpg,0,0
data/raw/EuroSAT_RGB/HerbaceousVegetation/HerbaceousVegetation_2470.jpg,2,7
data/raw/EuroSAT_RGB/River/River_482.jpg,8,8
data/raw/EuroSAT_RGB/AnnualCrop/AnnualCrop_540.jpg,0,0
data/raw/EuroSAT_RGB/Residential/Residential_2656.jpg,7,7
data/raw/EuroSAT_RGB/Highway/Highway_2233.jpg,3,3
data/raw/EuroSAT_RGB/Highway/Highway_120.jpg,3,7
data/raw/EuroSAT_RGB/River/River_2227.jpg,8,8
data/raw/EuroSAT_RGB/Industrial/Industrial_1822.jpg,4,4
data/raw/EuroSAT_RGB/Highway/Highway_1762.jpg,3,3
data/raw/EuroSAT_RGB/Industrial/Industrial_668.jpg,4,4
data/raw/EuroSAT_RGB/SeaLake/SeaLake_1871.jpg,9,1
data/raw/EuroSAT_RGB/Forest/Forest_2181.jpg,1,1
data/raw/EuroSAT_RGB/SeaLake/SeaLake_140.jpg,9,1
data/raw/EuroSAT_RGB/AnnualCrop/AnnualCrop_939.jpg,0,0
data/raw/EuroSAT_RGB/Highway/Highway_1718.jpg,3,3
data/raw/EuroSAT_RGB/PermanentCrop/PermanentCrop_1372.jpg,6,7
data/raw/EuroSAT_RGB/HerbaceousVegetation/HerbaceousVegetation_2351.jpg,2,7
data/raw/EuroSAT_RGB/PermanentCrop/PermanentCrop_1844.jpg,6,6
data/raw/EuroSAT_RGB/PermanentCrop/PermanentCrop_506.jpg,6,6
data/raw/EuroSAT_RGB/Forest/Forest_1277.jpg,1,1
data/raw/EuroSAT_RGB/Highway/Highway_1436.jpg,3,3
data/raw/EuroSAT_RGB/AnnualCrop/AnnualCrop_589.jpg,0,0
data/raw/EuroSAT_RGB/Residential/Residential_1808.jpg,7,7
data/raw/EuroSAT_RGB/SeaLake/SeaLake_2012.jpg,9,1
data/raw/EuroSAT_RGB/Forest/Forest_741.jpg,1,1
data/raw/EuroSAT_RGB/PermanentCrop/PermanentCrop_2214.jpg,6,7
data/raw/EuroSAT_RGB/Forest/Forest_1041.jpg,1,1
data/raw/EuroSAT_RGB/Pasture/Pasture_1610.jpg,5,1
data/raw/EuroSAT_RGB/River/River_751.jpg,8,8
data/raw/EuroSAT_RGB/Residential/Residential_2835.jpg,7,7
data/raw/EuroSAT_RGB/River/River_1246.jpg,8,8
data/raw/EuroSAT_RGB/HerbaceousVegetation/HerbaceousVegetation_301.jpg,2,1
data/raw/EuroSAT_RGB/Residential/Residential_2480.jpg,7,7
data/raw/EuroSAT_RGB/PermanentCrop/PermanentCrop_1528.jpg,6,6
data/raw/EuroSAT_RGB/Forest/Forest_2473.jpg,1,1
data/raw/EuroSAT_RGB/HerbaceousVegetation/HerbaceousVegetation_1970.jpg,2,2
data/raw/EuroSAT_RGB/HerbaceousVegetation/HerbaceousVegetation_2198.jpg,2,7
data/raw/EuroSAT_RGB/PermanentCrop/PermanentCrop_2031.jpg,6,1
data/raw/EuroSAT_RGB/PermanentCrop/PermanentCrop_1275.jpg,6,6
data/raw/EuroSAT_RGB/Pasture/Pasture_1713.jpg,5,1
data/raw/EuroSAT_RGB/River/River_606.jpg,8,6
data/raw/EuroSAT_RGB/Forest/Forest_1684.jpg,1,1
data/raw/EuroSAT_RGB/HerbaceousVegetation/HerbaceousVegetation_2261.jpg,2,1
data/raw/EuroSAT_RGB/River/River_799.jpg,8,1
data/raw/EuroSAT_RGB/SeaLake/SeaLake_2113.jpg,9,1
data/raw/EuroSAT_RGB/Highway/Highway_673.jpg,3,7
data/raw/EuroSAT_RGB/HerbaceousVegetation/HerbaceousVegetation_172.jpg,2,7
data/raw/EuroSAT_RGB/Highway/Highway_895.jpg,3,3
data/raw/EuroSAT_RGB/SeaLake/SeaLake_1387.jpg,9,1
data/raw/EuroSAT_RGB/Pasture/Pasture_42.jpg,5,1
data/raw/EuroSAT_RGB/Industrial/Industrial_1607.jpg,4,4
data/raw/EuroSAT_RGB/Industrial/Industrial_910.jpg,4,4
data/raw/EuroSAT_RGB/Highway/Highway_1959.jpg,3,3
data/raw/EuroSAT_RGB/HerbaceousVegetation/HerbaceousVegetation_2197.jpg,2,2
data/raw/EuroSAT_RGB/AnnualCrop/AnnualCrop_945.jpg,0,0
data/raw/EuroSAT_RGB/River/River_1061.jpg,8,7
data/raw/EuroSAT_RGB/PermanentCrop/PermanentCrop_1776.jpg,6,7
data/raw/EuroSAT_RGB/SeaLake/SeaLake_1620.jpg,9,1
data/raw/EuroSAT_RGB/HerbaceousVegetation/HerbaceousVegetation_10.jpg,2,6
data/raw/EuroSAT_RGB/Pasture/Pasture_836.jpg,5,1
data/raw/EuroSAT_RGB/Residential/Residential_1866.jpg,7,7
data/raw/EuroSAT_RGB/HerbaceousVegetation/HerbaceousVegetation_2659.jpg,2,1
data/raw/EuroSAT_RGB/AnnualCrop/AnnualCrop_2193.jpg,0,0
data/raw/EuroSAT_RGB/Residential/Residential_316.jpg,7,7
data/raw/EuroSAT_RGB/River/River_1509.jpg,8,8
data/raw/EuroSAT_RGB/HerbaceousVegetation/HerbaceousVegetation_2790.jpg,2,1
data/raw/EuroSAT_RGB/Forest/Forest_1409.jpg,1,1
data/raw/EuroSAT_RGB/AnnualCrop/AnnualCrop_446.jpg,0,0
data/raw/EuroSAT_RGB/River/River_651.jpg,8,1
data/raw/EuroSAT_RGB/PermanentCrop/PermanentCrop_1159.jpg,6,2
data/raw/EuroSAT_RGB/Residential/Residential_619.jpg,7,7
data/raw/EuroSAT_RGB/Forest/Forest_1552.jpg,1,1
data/raw/EuroSAT_RGB/Highway/Highway_1096.jpg,3,3
data/raw/EuroSAT_RGB/River/River_1771.jpg,8,8
data/raw/EuroSAT_RGB/River/River_826.jpg,8,7
data/raw/EuroSAT_RGB/PermanentCrop/PermanentCrop_43.jpg,6,6
data/raw/EuroSAT_RGB/HerbaceousVegetation/HerbaceousVegetation_1741.jpg,2,1
data/raw/EuroSAT_RGB/Industrial/Industrial_1286.jpg,4,4
data/raw/EuroSAT_RGB/Residential/Residential_2519.jpg,7,7
data/raw/EuroSAT_RGB/River/River_2367.jpg,8,8
data/raw/EuroSAT_RGB/PermanentCrop/PermanentCrop_863.jpg,6,6
data/raw/EuroSAT_RGB/HerbaceousVegetation/HerbaceousVegetation_1111.jpg,2,7
data/raw/EuroSAT_RGB/Pasture/Pasture_443.jpg,5,1
data/raw/EuroSAT_RGB/AnnualCrop/AnnualCrop_786.jpg,0,0
data/raw/EuroSAT_RGB/HerbaceousVegetation/HerbaceousVegetation_624.jpg,2,7
data/raw/EuroSAT_RGB/SeaLake/SeaLake_1917.jpg,9,7
data/raw/EuroSAT_RGB/HerbaceousVegetation/HerbaceousVegetation_2917.jpg,2,2
data/raw/EuroSAT_RGB/AnnualCrop/AnnualCrop_613.jpg,0,0
data/raw/EuroSAT_RGB/HerbaceousVegetation/HerbaceousVegetation_2681.jpg,2,2
data/raw/EuroSAT_RGB/PermanentCrop/PermanentCrop_2137.jpg,6,7
data/raw/EuroSAT_RGB/PermanentCrop/PermanentCrop_217.jpg,6,1
data/raw/EuroSAT_RGB/HerbaceousVegetation/HerbaceousVegetation_2054.jpg,2,2
data/raw/EuroSAT_RGB/AnnualCrop/AnnualCrop_804.jpg,0,0
data/raw/EuroSAT_RGB/Forest/Forest_1944.jpg,1,1
data/raw/EuroSAT_RGB/Residential/Residential_2390.jpg,7,7
data/raw/EuroSAT_RGB/River/River_647.jpg,8,7
data/raw/EuroSAT_RGB/Residential/Residential_390.jpg,7,7
data/raw/EuroSAT_RGB/Pasture/Pasture_348.jpg,5,7
data/raw/EuroSAT_RGB/Residential/Residential_1909.jpg,7,7
data/raw/EuroSAT_RGB/Residential/Residential_1022.jpg,7,7
data/raw/EuroSAT_RGB/SeaLake/SeaLake_96.jpg,9,1
data/raw/EuroSAT_RGB/Residential/Residential_645.jpg,7,7
data/raw/EuroSAT_RGB/PermanentCrop/PermanentCrop_1966.jpg,6,6
data/raw/EuroSAT_RGB/River/River_1669.jpg,8,8
data/raw/EuroSAT_RGB/AnnualCrop/AnnualCrop_2377.jpg,0,0
data/raw/EuroSAT_RGB/PermanentCrop/PermanentCrop_303.jpg,6,6
data/raw/EuroSAT_RGB/AnnualCrop/AnnualCrop_2030.jpg,0,0
data/raw/EuroSAT_RGB/SeaLake/SeaLake_1066.jpg,9,1
data/raw/EuroSAT_RGB/HerbaceousVegetation/HerbaceousVegetation_2538.jpg,2,1
data/raw/EuroSAT_RGB/Residential/Residential_392.jpg,7,7
data/raw/EuroSAT_RGB/Residential/Residential_432.jpg,7,7
data/raw/EuroSAT_RGB/Highway/Highway_2292.jpg,3,3
data/raw/EuroSAT_RGB/River/River_2147.jpg,8,8
data/raw/EuroSAT_RGB/River/River_451.jpg,8,8
data/raw/EuroSAT_RGB/SeaLake/SeaLake_2991.jpg,9,1
data/raw/EuroSAT_RGB/SeaLake/SeaLake_1146.jpg,9,1
data/raw/EuroSAT_RGB/Industrial/Industrial_2279.jpg,4,4
data/raw/EuroSAT_RGB/Residential/Residential_989.jpg,7,7
data/raw/EuroSAT_RGB/PermanentCrop/PermanentCrop_2235.jpg,6,6
data/raw/EuroSAT_RGB/Pasture/Pasture_1255.jpg,5,1
data/raw/EuroSAT_RGB/SeaLake/SeaLake_906.jpg,9,1
data/raw/EuroSAT_RGB/AnnualCrop/AnnualCrop_1424.jpg,0,0
data/raw/EuroSAT_RGB/Forest/Forest_2101.jpg,1,1
data/raw/EuroSAT_RGB/Residential/Residential_1419.jpg,7,7
data/raw/EuroSAT_RGB/AnnualCrop/AnnualCrop_2220.jpg,0,3
data/raw/EuroSAT_RGB/PermanentCrop/PermanentCrop_2273.jpg,6,6
data/raw/EuroSAT_RGB/HerbaceousVegetation/HerbaceousVegetation_2268.jpg,2,1
data/raw/EuroSAT_RGB/River/River_435.jpg,8,8
data/raw/EuroSAT_RGB/Pasture/Pasture_616.jpg,5,7
data/raw/EuroSAT_RGB/Industrial/Industrial_1224.jpg,4,4
data/raw/EuroSAT_RGB/River/River_352.jpg,8,8
data/raw/EuroSAT_RGB/Pasture/Pasture_460.jpg,5,1
data/raw/EuroSAT_RGB/HerbaceousVegetation/HerbaceousVegetation_1961.jpg,2,7
data/raw/EuroSAT_RGB/SeaLake/SeaLake_739.jpg,9,1
data/raw/EuroSAT_RGB/PermanentCrop/PermanentCrop_2413.jpg,6,6
data/raw/EuroSAT_RGB/PermanentCrop/PermanentCrop_2258.jpg,6,6
data/raw/EuroSAT_RGB/Industrial/Industrial_1697.jpg,4,4
data/raw/EuroSAT_RGB/Industrial/Industrial_91.jpg,4,4
data/raw/EuroSAT_RGB/Industrial/Industrial_865.jpg,4,4
data/raw/EuroSAT_RGB/AnnualCrop/AnnualCrop_2822.jpg,0,0
data/raw/EuroSAT_RGB/PermanentCrop/PermanentCrop_1392.jpg,6,6
data/raw/EuroSAT_RGB/AnnualCrop/AnnualCrop_1182.jpg,0,0
data/raw/EuroSAT_RGB/HerbaceousVegetation/HerbaceousVegetation_2761.jpg,2,1
data/raw/EuroSAT_RGB/PermanentCrop/PermanentCrop_1164.jpg,6,7
data/raw/EuroSAT_RGB/AnnualCrop/AnnualCrop_2339.jpg,0,0
data/raw/EuroSAT_RGB/Industrial/Industrial_536.jpg,4,4
data/raw/EuroSAT_RGB/Industrial/Industrial_71.jpg,4,4
data/raw/EuroSAT_RGB/River/River_1902.jpg,8,1
data/raw/EuroSAT_RGB/HerbaceousVegetation/HerbaceousVegetation_1098.jpg,2,1
data/raw/EuroSAT_RGB/Pasture/Pasture_1172.jpg,5,1
data/raw/EuroSAT_RGB/AnnualCrop/AnnualCrop_815.jpg,0,1
data/raw/EuroSAT_RGB/SeaLake/SeaLake_506.jpg,9,1
data/raw/EuroSAT_RGB/Residential/Residential_1094.jpg,7,7
data/raw/EuroSAT_RGB/River/River_2146.jpg,8,8
data/raw/EuroSAT_RGB/SeaLake/SeaLake_2063.jpg,9,1
data/raw/EuroSAT_RGB/AnnualCrop/AnnualCrop_2494.jpg,0,0
data/raw/EuroSAT_RGB/Residential/Residential_2660.jpg,7,7
data/raw/EuroSAT_RGB/HerbaceousVegetation/HerbaceousVegetation_2907.jpg,2,7
data/raw/EuroSAT_RGB/Highway/Highway_1532.jpg,3,3
data/raw/EuroSAT_RGB/Pasture/Pasture_1098.jpg,5,5
data/raw/EuroSAT_RGB/Residential/Residential_999.jpg,7,7
data/raw/EuroSAT_RGB/PermanentCrop/PermanentCrop_1286.jpg,6,6
data/raw/EuroSAT_RGB/SeaLake/SeaLake_2706.jpg,9,7
data/raw/EuroSAT_RGB/River/River_709.jpg,8,8
data/raw/EuroSAT_RGB/Industrial/Industrial_1806.jpg,4,4
data/raw/EuroSAT_RGB/PermanentCrop/PermanentCrop_1593.jpg,6,6
data/raw/EuroSAT_RGB/Highway/Highway_59.jpg,3,3
data/raw/EuroSAT_RGB/Pasture/Pasture_456.jpg,5,1
data/raw/EuroSAT_RGB/SeaLake/SeaLake_2202.jpg,9,7
data/raw/EuroSAT_RGB/PermanentCrop/PermanentCrop_2123.jpg,6,6
data/raw/EuroSAT_RGB/HerbaceousVegetation/HerbaceousVegetation_1203.jpg,2,2
data/raw/EuroSAT_RGB/Residential/Residential_222.jpg,7,7
data/raw/EuroSAT_RGB/AnnualCrop/AnnualCrop_2525.jpg,0,0
data/raw/EuroSAT_RGB/PermanentCrop/PermanentCrop_378.jpg,6,7
data/raw/EuroSAT_RGB/HerbaceousVegetation/HerbaceousVegetation_385.jpg,2,7
data/raw/EuroSAT_RGB/Residential/Residential_2073.jpg,7,7
data/raw/EuroSAT_RGB/SeaLake/SeaLake_88.jpg,9,1
data/raw/EuroSAT_RGB/HerbaceousVegetation/HerbaceousVegetation_1059.jpg,2,2
data/raw/EuroSAT_RGB/PermanentCrop/PermanentCrop_161.jpg,6,6
data/raw/EuroSAT_RGB/SeaLake/SeaLake_2936.jpg,9,1
data/raw/EuroSAT_RGB/Industrial/Industrial_231.jpg,4,4
data/raw/EuroSAT_RGB/Pasture/Pasture_1940.jpg,5,1
data/raw/EuroSAT_RGB/AnnualCrop/AnnualCrop_1153.jpg,0,0
data/raw/EuroSAT_RGB/AnnualCrop/AnnualCrop_35.jpg,0,1
data/raw/EuroSAT_RGB/AnnualCrop/AnnualCrop_2979.jpg,0,0
data/raw/EuroSAT_RGB/PermanentCrop/PermanentCrop_1749.jpg,6,6
data/raw/EuroSAT_RGB/Residential/Residential_2118.jpg,7,7
data/raw/EuroSAT_RGB/SeaLake/SeaLake_1379.jpg,9,1
data/raw/EuroSAT_RGB/Highway/Highway_1312.jpg,3,3
data/raw/EuroSAT_RGB/Highway/Highway_514.jpg,3,3
data/raw/EuroSAT_RGB/Forest/Forest_1612.jpg,1,1
data/raw/EuroSAT_RGB/PermanentCrop/PermanentCrop_774.jpg,6,6
data/raw/EuroSAT_RGB/AnnualCrop/AnnualCrop_1375.jpg,0,0
data/raw/EuroSAT_RGB/PermanentCrop/PermanentCrop_1691.jpg,6,6
data/raw/EuroSAT_RGB/PermanentCrop/PermanentCrop_1704.jpg,6,7
data/raw/EuroSAT_RGB/Forest/Forest_941.jpg,1,1
data/raw/EuroSAT_RGB/SeaLake/SeaLake_2179.jpg,9,1
data/raw/EuroSAT_RGB/SeaLake/SeaLake_1311.jpg,9,1
data/raw/EuroSAT_RGB/Forest/Forest_226.jpg,1,1
data/raw/EuroSAT_RGB/Residential/Residential_1464.jpg,7,7
data/raw/EuroSAT_RGB/AnnualCrop/AnnualCrop_2860.jpg,0,0
data/raw/EuroSAT_RGB/PermanentCrop/PermanentCrop_280.jpg,6,7
data/raw/EuroSAT_RGB/Highway/Highway_149.jpg,3,3
data/raw/EuroSAT_RGB/HerbaceousVegetation/HerbaceousVegetation_2265.jpg,2,7
data/raw/EuroSAT_RGB/Pasture/Pasture_1030.jpg,5,1
data/raw/EuroSAT_RGB/AnnualCrop/AnnualCrop_938.jpg,0,0
data/raw/EuroSAT_RGB/Pasture/Pasture_1939.jpg,5,7
data/raw/EuroSAT_RGB/HerbaceousVegetation/HerbaceousVegetation_2912.jpg,2,1
data/raw/EuroSAT_RGB/Residential/Residential_2378.jpg,7,7
data/raw/EuroSAT_RGB/Residential/Residential_533.jpg,7,7
data/raw/EuroSAT_RGB/PermanentCrop/PermanentCrop_2367.jpg,6,6
data/raw/EuroSAT_RGB/Industrial/Industrial_1033.jpg,4,4
data/raw/EuroSAT_RGB/Industrial/Industrial_317.jpg,4,4
data/raw/EuroSAT_RGB/AnnualCrop/AnnualCrop_2747.jpg,0,0
data/raw/EuroSAT_RGB/PermanentCrop/PermanentCrop_80.jpg,6,7
data/raw/EuroSAT_RGB/HerbaceousVegetation/HerbaceousVegetation_691.jpg,2,7
data/raw/EuroSAT_RGB/SeaLake/SeaLake_193.jpg,9,1
data/raw/EuroSAT_RGB/AnnualCrop/AnnualCrop_2414.jpg,0,0
data/raw/EuroSAT_RGB/Industrial/Industrial_2426.jpg,4,4
data/raw/EuroSAT_RGB/Highway/Highway_1089.jpg,3,3
data/raw/EuroSAT_RGB/Forest/Forest_560.jpg,1,1
data/raw/EuroSAT_RGB/River/River_155.jpg,8,8
data/raw/EuroSAT_RGB/Forest/Forest_972.jpg,1,1
data/raw/EuroSAT_RGB/SeaLake/SeaLake_333.jpg,9,1
data/raw/EuroSAT_RGB/SeaLake/SeaLake_2527.jpg,9,1
data/raw/EuroSAT_RGB/PermanentCrop/PermanentCrop_1248.jpg,6,1
data/raw/EuroSAT_RGB/HerbaceousVegetation/HerbaceousVegetation_2369.jpg,2,7
data/raw/EuroSAT_RGB/Residential/Residential_2250.jpg,7,7
data/raw/EuroSAT_RGB/AnnualCrop/AnnualCrop_1918.jpg,0,0
data/raw/EuroSAT_RGB/River/River_854.jpg,8,8
data/raw/EuroSAT_RGB/SeaLake/SeaLake_719.jpg,9,1
data/raw/EuroSAT_RGB/River/River_124.jpg,8,8
data/raw/EuroSAT_RGB/AnnualCrop/AnnualCrop_1418.jpg,0,7
data/raw/EuroSAT_RGB/AnnualCrop/AnnualCrop_1411.jpg,0,0
data/raw/EuroSAT_RGB/Industrial/Industrial_1079.jpg,4,4
data/raw/EuroSAT_RGB/HerbaceousVegetation/HerbaceousVegetation_676.jpg,2,1
data/raw/EuroSAT_RGB/HerbaceousVegetation/HerbaceousVegetation_2795.jpg,2,7
data/raw/EuroSAT_RGB/Industrial/Industrial_1956.jpg,4,4
data/raw/EuroSAT_RGB/Industrial/Industrial_463.jpg,4,4
data/raw/EuroSAT_RGB/Residential/Residential_1805.jpg,7,7
data/raw/EuroSAT_RGB/PermanentCrop/PermanentCrop_1016.jpg,6,7
data/raw/EuroSAT_RGB/Forest/Forest_2618.jpg,1,1
data/raw/EuroSAT_RGB/SeaLake/SeaLake_2002.jpg,9,1
data/raw/EuroSAT_RGB/HerbaceousVegetation/HerbaceousVegetation_380.jpg,2,2
data/raw/EuroSAT_RGB/Residential/Residential_2634.jpg,7,7
data/raw/EuroSAT_RGB/Forest/Forest_935.jpg,1,1
data/raw/EuroSAT_RGB/SeaLake/SeaLake_2015.jpg,9,1
data/raw/EuroSAT_RGB/Highway/Highway_1127.jpg,3,3
data/raw/EuroSAT_RGB/PermanentCrop/PermanentCrop_652.jpg,6,6
data/raw/EuroSAT_RGB/SeaLake/SeaLake_120.jpg,9,1
data/raw/EuroSAT_RGB/HerbaceousVegetation/HerbaceousVegetation_2245.jpg,2,7
data/raw/EuroSAT_RGB/River/River_235.jpg,8,8
data/raw/EuroSAT_RGB/Forest/Forest_1003.jpg,1,1
data/raw/EuroSAT_RGB/AnnualCrop/AnnualCrop_2927.jpg,0,7
data/raw/EuroSAT_RGB/HerbaceousVegetation/HerbaceousVegetation_1674.jpg,2,2
data/raw/EuroSAT_RGB/Highway/Highway_1006.jpg,3,3
data/raw/EuroSAT_RGB/Highway/Highway_1812.jpg,3,3
data/raw/EuroSAT_RGB/HerbaceousVegetation/HerbaceousVegetation_398.jpg,2,7
data/raw/EuroSAT_RGB/River/River_377.jpg,8,1
data/raw/EuroSAT_RGB/AnnualCrop/AnnualCrop_1704.jpg,0,6
data/raw/EuroSAT_RGB/Residential/Residential_2472.jpg,7,7
data/raw/EuroSAT_RGB/Highway/Highway_911.jpg,3,3
data/raw/EuroSAT_RGB/Residential/Residential_276.jpg,7,7
data/raw/EuroSAT_RGB/Residential/Residential_480.jpg,7,7
data/raw/EuroSAT_RGB/Industrial/Industrial_1178.jpg,4,4
data/raw/EuroSAT_RGB/River/River_161.jpg,8,8
data/raw/EuroSAT_RGB/AnnualCrop/AnnualCrop_2579.jpg,0,0
data/raw/EuroSAT_RGB/SeaLake/SeaLake_2596.jpg,9,1
data/raw/EuroSAT_RGB/PermanentCrop/PermanentCrop_507.jpg,6,6
data/raw/EuroSAT_RGB/Forest/Forest_2285.jpg,1,1
data/raw/EuroSAT_RGB/PermanentCrop/PermanentCrop_1303.jpg,6,1
data/raw/EuroSAT_RGB/SeaLake/SeaLake_1076.jpg,9,1
data/raw/EuroSAT_RGB/Residential/Residential_2738.jpg,7,7
data/raw/EuroSAT_RGB/Highway/Highway_2261.jpg,3,3
data/raw/EuroSAT_RGB/Highway/Highway_948.jpg,3,3
data/raw/EuroSAT_RGB/Forest/Forest_1564.jpg,1,1
data/raw/EuroSAT_RGB/River/River_2446.jpg,8,7
data/raw/EuroSAT_RGB/SeaLake/SeaLake_1408.jpg,9,1
data/raw/EuroSAT_RGB/AnnualCrop/AnnualCrop_2702.jpg,0,1
data/raw/EuroSAT_RGB/Residential/Residential_1476.jpg,7,7
data/raw/EuroSAT_RGB/AnnualCrop/AnnualCrop_1534.jpg,0,6
data/raw/EuroSAT_RGB/Highway/Highway_1125.jpg,3,3
data/raw/EuroSAT_RGB/Residential/Residential_1153.jpg,7,7
data/raw/EuroSAT_RGB/PermanentCrop/PermanentCrop_2026.jpg,6,7
data/raw/EuroSAT_RGB/Pasture/Pasture_1217.jpg,5,7
data/raw/EuroSAT_RGB/Highway/Highway_2171.jpg,3,3
data/raw/EuroSAT_RGB/Highway/Highway_753.jpg,3,3
data/raw/EuroSAT_RGB/PermanentCrop/PermanentCrop_1551.jpg,6,6
data/raw/EuroSAT_RGB/Forest/Forest_844.jpg,1,1
data/raw/EuroSAT_RGB/Pasture/Pasture_1488.jpg,5,7
data/raw/EuroSAT_RGB/River/River_2191.jpg,8,7
data/raw/EuroSAT_RGB/AnnualCrop/AnnualCrop_2454.jpg,0,3
data/raw/EuroSAT_RGB/Residential/Residential_2617.jpg,7,7
data/raw/EuroSAT_RGB/AnnualCrop/AnnualCrop_2953.jpg,0,7
data/raw/EuroSAT_RGB/PermanentCrop/PermanentCrop_2180.jpg,6,6
data/raw/EuroSAT_RGB/AnnualCrop/AnnualCrop_1959.jpg,0,0
data/raw/EuroSAT_RGB/HerbaceousVegetation/HerbaceousVegetation_489.jpg,2,2
data/raw/EuroSAT_RGB/Residential/Residential_2815.jpg,7,7
data/raw/EuroSAT_RGB/SeaLake/SeaLake_1134.jpg,9,1
data/raw/EuroSAT_RGB/SeaLake/SeaLake_2153.jpg,9,1
data/raw/EuroSAT_RGB/SeaLake/SeaLake_327.jpg,9,7
data/raw/EuroSAT_RGB/HerbaceousVegetation/HerbaceousVegetation_1251.jpg,2,7
data/raw/EuroSAT_RGB/Pasture/Pasture_723.jpg,5,1
data/raw/EuroSAT_RGB/SeaLake/SeaLake_266.jpg,9,7
data/raw/EuroSAT_RGB/SeaLake/SeaLake_815.jpg,9,1
data/raw/EuroSAT_RGB/Industrial/Industrial_1043.jpg,4,4
data/raw/EuroSAT_RGB/Residential/Residential_2376.jpg,7,7
data/raw/EuroSAT_RGB/Forest/Forest_138.jpg,1,1
data/raw/EuroSAT_RGB/AnnualCrop/AnnualCrop_2607.jpg,0,1
data/raw/EuroSAT_RGB/AnnualCrop/AnnualCrop_2053.jpg,0,0
data/raw/EuroSAT_RGB/AnnualCrop/AnnualCrop_2978.jpg,0,0
data/raw/EuroSAT_RGB/Industrial/Industrial_1386.jpg,4,7
data/raw/EuroSAT_RGB/Residential/Residential_2286.jpg,7,7
data/raw/EuroSAT_RGB/SeaLake/SeaLake_893.jpg,9,1
data/raw/EuroSAT_RGB/HerbaceousVegetation/HerbaceousVegetation_2240.jpg,2,7
data/raw/EuroSAT_RGB/Pasture/Pasture_1138.jpg,5,1
data/raw/EuroSAT_RGB/Highway/Highway_1695.jpg,3,7
data/raw/EuroSAT_RGB/Industrial/Industrial_230.jpg,4,4
data/raw/EuroSAT_RGB/River/River_130.jpg,8,5
data/raw/EuroSAT_RGB/AnnualCrop/AnnualCrop_1426.jpg,0,0
data/raw/EuroSAT_RGB/HerbaceousVegetation/HerbaceousVegetation_2387.jpg,2,2
data/raw/EuroSAT_RGB/PermanentCrop/PermanentCrop_2445.jpg,6,6
data/raw/EuroSAT_RGB/HerbaceousVegetation/HerbaceousVegetation_1420.jpg,2,7
data/raw/EuroSAT_RGB/AnnualCrop/AnnualCrop_1118.jpg,0,0
data/raw/EuroSAT_RGB/River/River_1811.jpg,8,1
data/raw/EuroSAT_RGB/PermanentCrop/PermanentCrop_1692.jpg,6,6
data/raw/EuroSAT_RGB/Residential/Residential_2479.jpg,7,7
data/raw/EuroSAT_RGB/SeaLake/SeaLake_2488.jpg,9,1
data/raw/EuroSAT_RGB/Pasture/Pasture_1829.jpg,5,7
data/raw/EuroSAT_RGB/Pasture/Pasture_1080.jpg,5,5
data/raw/EuroSAT_RGB/PermanentCrop/PermanentCrop_1862.jpg,6,7
data/raw/EuroSAT_RGB/HerbaceousVegetation/HerbaceousVegetation_2654.jpg,2,1
data/raw/EuroSAT_RGB/SeaLake/SeaLake_2292.jpg,9,1
data/raw/EuroSAT_RGB/SeaLake/SeaLake_958.jpg,9,1
data/raw/EuroSAT_RGB/PermanentCrop/PermanentCrop_913.jpg,6,7
data/raw/EuroSAT_RGB/HerbaceousVegetation/HerbaceousVegetation_2205.jpg,2,7
data/raw/EuroSAT_RGB/Highway/Highway_1341.jpg,3,3
data/raw/EuroSAT_RGB/Forest/Forest_1467.jpg,1,1
data/raw/EuroSAT_RGB/Pasture/Pasture_1776.jpg,5,1
data/raw/EuroSAT_RGB/River/River_13.jpg,8,8
data/raw/EuroSAT_RGB/PermanentCrop/PermanentCrop_522.jpg,6,7
data/raw/EuroSAT_RGB/PermanentCrop/PermanentCrop_410.jpg,6,0
data/raw/EuroSAT_RGB/Pasture/Pasture_1240.jpg,5,1
data/raw/EuroSAT_RGB/Forest/Forest_1017.jpg,1,1
data/raw/EuroSAT_RGB/Pasture/Pasture_1265.jpg,5,1
data/raw/EuroSAT_RGB/Forest/Forest_2504.jpg,1,1
data/raw/EuroSAT_RGB/Residential/Residential_343.jpg,7,7
data/raw/EuroSAT_RGB/Industrial/Industrial_797.jpg,4,4
data/raw/EuroSAT_RGB/River/River_986.jpg,8,3
data/raw/EuroSAT_RGB/River/River_483.jpg,8,7
data/raw/EuroSAT_RGB/PermanentCrop/PermanentCrop_742.jpg,6,7
data/raw/EuroSAT_RGB/Pasture/Pasture_125.jpg,5,1
data/raw/EuroSAT_RGB/Residential/Residential_1551.jpg,7,7
data/raw/EuroSAT_RGB/Forest/Forest_665.jpg,1,1
data/raw/EuroSAT_RGB/Highway/Highway_1131.jpg,3,7
data/raw/EuroSAT_RGB/AnnualCrop/AnnualCrop_1008.jpg,0,0
data/raw/EuroSAT_RGB/River/River_2444.jpg,8,3
data/raw/EuroSAT_RGB/AnnualCrop/AnnualCrop_2150.jpg,0,3
data/raw/EuroSAT_RGB/HerbaceousVegetation/HerbaceousVegetation_2289.jpg,2,7
data/raw/EuroSAT_RGB/AnnualCrop/AnnualCrop_2467.jpg,0,0
data/raw/EuroSAT_RGB/Pasture/Pasture_1738.jpg,5,1
data/raw/EuroSAT_RGB/Industrial/Industrial_1953.jpg,4,4
data/raw/EuroSAT_RGB/SeaLake/SeaLake_504.jpg,9,1
data/raw/EuroSAT_RGB/AnnualCrop/AnnualCrop_845.jpg,0,0
data/raw/EuroSAT_RGB/River/River_1172.jpg,8,8
data/raw/EuroSAT_RGB/HerbaceousVegetation/HerbaceousVegetation_1308.jpg,2,1
data/raw/EuroSAT_RGB/Forest/Forest_2211.jpg,1,1
data/raw/EuroSAT_RGB/Residential/Residential_2278.jpg,7,7
data/raw/EuroSAT_RGB/HerbaceousVegetation/HerbaceousVegetation_2263.jpg,2,7
data/raw/EuroSAT_RGB/SeaLake/SeaLake_1116.jpg,9,1
data/raw/EuroSAT_RGB/AnnualCrop/AnnualCrop_44.jpg,0,0
data/raw/EuroSAT_RGB/River/River_2058.jpg,8,8
data/raw/EuroSAT_RGB/River/River_1202.jpg,8,8
data/raw/EuroSAT_RGB/HerbaceousVegetation/HerbaceousVegetation_1802.jpg,2,1
data/raw/EuroSAT_RGB/Residential/Residential_1550.jpg,7,7
data/raw/EuroSAT_RGB/Highway/Highway_1881.jpg,3,3
data/raw/EuroSAT_RGB/River/River_1319.jpg,8,8
data/raw/EuroSAT_RGB/Industrial/Industrial_2365.jpg,4,7
data/raw/EuroSAT_RGB/Residential/Residential_1168.jpg,7,7
data/raw/EuroSAT_RGB/Residential/Residential_230.jpg,7,7
data/raw/EuroSAT_RGB/AnnualCrop/AnnualCrop_2471.jpg,0,0
data/raw/EuroSAT_RGB/Forest/Forest_1706.jpg,1,1
data/raw/EuroSAT_RGB/HerbaceousVegetation/HerbaceousVegetation_2143.jpg,2,2
data/raw/EuroSAT_RGB/SeaLake/SeaLake_2531.jpg,9,7
data/raw/EuroSAT_RGB/Industrial/Industrial_2457.jpg,4,4
data/raw/EuroSAT_RGB/AnnualCrop/AnnualCrop_1766.jpg,0,6
data/raw/EuroSAT_RGB/PermanentCrop/PermanentCrop_2251.jpg,6,7
data/raw/EuroSAT_RGB/AnnualCrop/AnnualCrop_761.jpg,0,0
data/raw/EuroSAT_RGB/AnnualCrop/AnnualCrop_187.jpg,0,1
data/raw/EuroSAT_RGB/Residential/Residential_967.jpg,7,7
data/raw/EuroSAT_RGB/Residential/Residential_2111.jpg,7,7
data/raw/EuroSAT_RGB/Highway/Highway_172.jpg,3,3
data/raw/EuroSAT_RGB/SeaLake/SeaLake_2344.jpg,9,1
data/raw/EuroSAT_RGB/SeaLake/SeaLake_817.jpg,9,7
data/raw/EuroSAT_RGB/Forest/Forest_2974.jpg,1,1
data/raw/EuroSAT_RGB/Highway/Highway_14.jpg,3,3
data/raw/EuroSAT_RGB/HerbaceousVegetation/HerbaceousVegetation_66.jpg,2,7
data/raw/EuroSAT_RGB/Highway/Highway_2021.jpg,3,3
data/raw/EuroSAT_RGB/PermanentCrop/PermanentCrop_97.jpg,6,6
data/raw/EuroSAT_RGB/HerbaceousVegetation/HerbaceousVegetation_208.jpg,2,1
data/raw/EuroSAT_RGB/PermanentCrop/PermanentCrop_1088.jpg,6,7
data/raw/EuroSAT_RGB/Residential/Residential_525.jpg,7,7
data/raw/EuroSAT_RGB/Forest/Forest_2687.jpg,1,1
data/raw/EuroSAT_RGB/Forest/Forest_2110.jpg,1,1
data/raw/EuroSAT_RGB/AnnualCrop/AnnualCrop_857.jpg,0,0
data/raw/EuroSAT_RGB/Pasture/Pasture_1277.jpg,5,1
data/raw/EuroSAT_RGB/Industrial/Industrial_1444.jpg,4,4
data/raw/EuroSAT_RGB/AnnualCrop/AnnualCrop_1169.jpg,0,7
data/raw/EuroSAT_RGB/SeaLake/SeaLake_60.jpg,9,1
data/raw/EuroSAT_RGB/HerbaceousVegetation/HerbaceousVegetation_1740.jpg,2,1
data/raw/EuroSAT_RGB/AnnualCrop/AnnualCrop_2298.jpg,0,0
data/raw/EuroSAT_RGB/Pasture/Pasture_1679.jpg,5,1
data/raw/EuroSAT_RGB/Pasture/Pasture_336.jpg,5,7
data/raw/EuroSAT_RGB/Highway/Highway_1713.jpg,3,3
data/raw/EuroSAT_RGB/Pasture/Pasture_1308.jpg,5,1
data/raw/EuroSAT_RGB/Highway/Highway_380.jpg,3,3
data/raw/EuroSAT_RGB/Industrial/Industrial_737.jpg,4,4
data/raw/EuroSAT_RGB/Forest/Forest_2541.jpg,1,1
data/raw/EuroSAT_RGB/SeaLake/SeaLake_2143.jpg,9,1
data/raw/EuroSAT_RGB/Highway/Highway_1984.jpg,3,3
data/raw/EuroSAT_RGB/AnnualCrop/AnnualCrop_2535.jpg,0,0
data/raw/EuroSAT_RGB/Industrial/Industrial_709.jpg,4,4
data/raw/EuroSAT_RGB/SeaLake/SeaLake_786.jpg,9,1
data/raw/EuroSAT_RGB/SeaLake/SeaLake_1312.jpg,9,1
data/raw/EuroSAT_RGB/Industrial/Industrial_802.jpg,4,4
data/raw/EuroSAT_RGB/HerbaceousVegetation/HerbaceousVegetation_1676.jpg,2,2
data/raw/EuroSAT_RGB/SeaLake/SeaLake_1441.jpg,9,1
data/raw/EuroSAT_RGB/SeaLake/SeaLake_993.jpg,9,1
data/raw/EuroSAT_RGB/PermanentCrop/PermanentCrop_476.jpg,6,6
data/raw/EuroSAT_RGB/SeaLake/SeaLake_543.jpg,9,1
data/raw/EuroSAT_RGB/Highway/Highway_1283.jpg,3,3
data/raw/EuroSAT_RGB/Pasture/Pasture_265.jpg,5,1
data/raw/EuroSAT_RGB/Residential/Residential_2132.jpg,7,7
data/raw/EuroSAT_RGB/AnnualCrop/AnnualCrop_1484.jpg,0,7
data/raw/EuroSAT_RGB/HerbaceousVegetation/HerbaceousVegetation_225.jpg,2,7
data/raw/EuroSAT_RGB/Forest/Forest_1201.jpg,1,1
data/raw/EuroSAT_RGB/River/River_426.jpg,8,1
data/raw/EuroSAT_RGB/Highway/Highway_2066.jpg,3,3
data/raw/EuroSAT_RGB/Residential/Residential_1256.jpg,7,7
data/raw/EuroSAT_RGB/HerbaceousVegetation/HerbaceousVegetation_1576.jpg,2,1
data/raw/EuroSAT_RGB/HerbaceousVegetation/HerbaceousVegetation_2165.jpg,2,2
data/raw/EuroSAT_RGB/Residential/Residential_114.jpg,7,7
data/raw/EuroSAT_RGB/Pasture/Pasture_518.jpg,5,7
data/raw/EuroSAT_RGB/Highway/Highway_2461.jpg,3,7
data/raw/EuroSAT_RGB/AnnualCrop/AnnualCrop_407.jpg,0,6
data/raw/EuroSAT_RGB/Forest/Forest_1715.jpg,1,1
data/raw/EuroSAT_RGB/HerbaceousVegetation/HerbaceousVegetation_447.jpg,2,7
data/raw/EuroSAT_RGB/Industrial/Industrial_734.jpg,4,4
data/raw/EuroSAT_RGB/Pasture/Pasture_962.jpg,5,7
data/raw/EuroSAT_RGB/Forest/Forest_2303.jpg,1,1
data/raw/EuroSAT_RGB/PermanentCrop/PermanentCrop_1942.jpg,6,6
data/raw/EuroSAT_RGB/PermanentCrop/PermanentCrop_86.jpg,6,6
data/raw/EuroSAT_RGB/AnnualCrop/AnnualCrop_1058.jpg,0,0
data/raw/EuroSAT_RGB/PermanentCrop/PermanentCrop_486.jpg,6,7
data/raw/EuroSAT_RGB/HerbaceousVegetation/HerbaceousVegetation_4.jpg,2,1
data/raw/EuroSAT_RGB/Forest/Forest_620.jpg,1,1
data/raw/EuroSAT_RGB/Forest/Forest_1776.jpg,1,1
data/raw/EuroSAT_RGB/River/River_438.jpg,8,8
data/raw/EuroSAT_RGB/SeaLake/SeaLake_2653.jpg,9,1
data/raw/EuroSAT_RGB/AnnualCrop/AnnualCrop_499.jpg,0,1
data/raw/EuroSAT_RGB/Industrial/Industrial_1945.jpg,4,4
data/raw/EuroSAT_RGB/AnnualCrop/AnnualCrop_2924.jpg,0,0
data/raw/EuroSAT_RGB/SeaLake/SeaLake_2057.jpg,9,1
data/raw/EuroSAT_RGB/SeaLake/SeaLake_2211.jpg,9,1
data/raw/EuroSAT_RGB/AnnualCrop/AnnualCrop_1262.jpg,0,0
data/raw/EuroSAT_RGB/Forest/Forest_200.jpg,1,1
data/raw/EuroSAT_RGB/HerbaceousVegetation/HerbaceousVegetation_338.jpg,2,7
data/raw/EuroSAT_RGB/River/River_2296.jpg,8,8
data/raw/EuroSAT_RGB/River/River_580.jpg,8,8
data/raw/EuroSAT_RGB/Industrial/Industrial_541.jpg,4,4
data/raw/EuroSAT_RGB/HerbaceousVegetation/HerbaceousVegetation_2304.jpg,2,7
data/raw/EuroSAT_RGB/HerbaceousVegetation/HerbaceousVegetation_1869.jpg,2,7
data/raw/EuroSAT_RGB/Highway/Highway_1642.jpg,3,3
data/raw/EuroSAT_RGB/PermanentCrop/PermanentCrop_1764.jpg,6,4
data/raw/EuroSAT_RGB/AnnualCrop/AnnualCrop_298.jpg,0,6
data/raw/EuroSAT_RGB/Highway/Highway_1948.jpg,3,3
data/raw/EuroSAT_RGB/Pasture/Pasture_254.jpg,5,1
data/raw/EuroSAT_RGB/SeaLake/SeaLake_2064.jpg,9,1
data/raw/EuroSAT_RGB/Highway/Highway_228.jpg,3,7
data/raw/EuroSAT_RGB/Pasture/Pasture_351.jpg,5,1
data/raw/EuroSAT_RGB/Highway/Highway_610.jpg,3,3
data/raw/EuroSAT_RGB/PermanentCrop/PermanentCrop_2390.jpg,6,7
data/raw/EuroSAT_RGB/Pasture/Pasture_293.jpg,5,1
data/raw/EuroSAT_RGB/Residential/Residential_2515.jpg,7,7
data/raw/EuroSAT_RGB/Highway/Highway_346.jpg,3,3
data/raw/EuroSAT_RGB/PermanentCrop/PermanentCrop_2421.jpg,6,6
data/raw/EuroSAT_RGB/Highway/Highway_976.jpg,3,3
data/raw/EuroSAT_RGB/Industrial/Industrial_1477.jpg,4,4
data/raw/EuroSAT_RGB/HerbaceousVegetation/HerbaceousVegetation_2998.jpg,2,1
data/raw/EuroSAT_RGB/Industrial/Industrial_778.jpg,4,4
data/raw/EuroSAT_RGB/Residential/Residential_2221.jpg,7,7
data/raw/EuroSAT_RGB/Forest/Forest_485.jpg,1,1
data/raw/EuroSAT_RGB/Highway/Highway_78.jpg,3,3
data/raw/EuroSAT_RGB/SeaLake/SeaLake_518.jpg,9,1
data/raw/EuroSAT_RGB/SeaLake/SeaLake_842.jpg,9,1
data/raw/EuroSAT_RGB/PermanentCrop/PermanentCrop_2115.jpg,6,6
data/raw/EuroSAT_RGB/Industrial/Industrial_1073.jpg,4,4
data/raw/EuroSAT_RGB/Residential/Residential_696.jpg,7,7
data/raw/EuroSAT_RGB/Industrial/Industrial_440.jpg,4,4
data/raw/EuroSAT_RGB/Highway/Highway_1699.jpg,3,3
data/raw/EuroSAT_RGB/Forest/Forest_2146.jpg,1,1
data/raw/EuroSAT_RGB/Industrial/Industrial_2356.jpg,4,4
data/raw/EuroSAT_RGB/Industrial/Industrial_2392.jpg,4,4
data/raw/EuroSAT_RGB/AnnualCrop/AnnualCrop_698.jpg,0,0
data/raw/EuroSAT_RGB/Pasture/Pasture_1797.jpg,5,7
data/raw/EuroSAT_RGB/Residential/Residential_673.jpg,7,7
data/raw/EuroSAT_RGB/Pasture/Pasture_1249.jpg,5,7
data/raw/EuroSAT_RGB/AnnualCrop/AnnualCrop_2581.jpg,0,0
data/raw/EuroSAT_RGB/Industrial/Industrial_1468.jpg,4,4
data/raw/EuroSAT_RGB/Pasture/Pasture_599.jpg,5,1
data/raw/EuroSAT_RGB/River/River_1089.jpg,8,8
data/raw/EuroSAT_RGB/Forest/Forest_2870.jpg,1,1
data/raw/EuroSAT_RGB/HerbaceousVegetation/HerbaceousVegetation_1742.jpg,2,2
data/raw/EuroSAT_RGB/PermanentCrop/PermanentCrop_2223.jpg,6,6
data/raw/EuroSAT_RGB/River/River_1279.jpg,8,8
data/raw/EuroSAT_RGB/River/River_360.jpg,8,8
data/raw/EuroSAT_RGB/River/River_440.jpg,8,8
data/raw/EuroSAT_RGB/Residential/Residential_589.jpg,7,7
data/raw/EuroSAT_RGB/SeaLake/SeaLake_1892.jpg,9,1
data/raw/EuroSAT_RGB/SeaLake/SeaLake_1464.jpg,9,1
data/raw/EuroSAT_RGB/SeaLake/SeaLake_635.jpg,9,1
data/raw/EuroSAT_RGB/Forest/Forest_1045.jpg,1,1
data/raw/EuroSAT_RGB/Forest/Forest_1848.jpg,1,1
data/raw/EuroSAT_RGB/Industrial/Industrial_251.jpg,4,4
data/raw/EuroSAT_RGB/AnnualCrop/AnnualCrop_1339.jpg,0,0
data/raw/EuroSAT_RGB/Residential/Residential_829.jpg,7,7
data/raw/EuroSAT_RGB/AnnualCrop/AnnualCrop_2173.jpg,0,0
data/raw/EuroSAT_RGB/HerbaceousVegetation/HerbaceousVegetation_492.jpg,2,1
data/raw/EuroSAT_RGB/Forest/Forest_1623.jpg,1,1
data/raw/EuroSAT_RGB/Highway/Highway_224.jpg,3,3
data/raw/EuroSAT_RGB/PermanentCrop/PermanentCrop_1383.jpg,6,7
data/raw/EuroSAT_RGB/Forest/Forest_2738.jpg,1,1
data/raw/EuroSAT_RGB/Forest/Forest_2.jpg,1,1
data/raw/EuroSAT_RGB/Forest/Forest_2418.jpg,1,1
data/raw/EuroSAT_RGB/Industrial/Industrial_1843.jpg,4,4
data/raw/EuroSAT_RGB/River/River_1430.jpg,8,8
data/raw/EuroSAT_RGB/Highway/Highway_1344.jpg,3,7
data/raw/EuroSAT_RGB/PermanentCrop/PermanentCrop_249.jpg,6,6
data/raw/EuroSAT_RGB/SeaLake/SeaLake_2392.jpg,9,1
data/raw/EuroSAT_RGB/HerbaceousVegetation/HerbaceousVegetation_1761.jpg,2,1
data/raw/EuroSAT_RGB/SeaLake/SeaLake_2904.jpg,9,1
data/raw/EuroSAT_RGB/Forest/Forest_1796.jpg,1,1
data/raw/EuroSAT_RGB/Pasture/Pasture_1836.jpg,5,1
data/raw/EuroSAT_RGB/Industrial/Industrial_783.jpg,4,7
data/raw/EuroSAT_RGB/Highway/Highway_701.jpg,3,3
data/raw/EuroSAT_RGB/River/River_2091.jpg,8,8
data/raw/EuroSAT_RGB/AnnualCrop/AnnualCrop_1961.jpg,0,6
data/raw/EuroSAT_RGB/HerbaceousVegetation/HerbaceousVegetation_1155.jpg,2,2
data/raw/EuroSAT_RGB/HerbaceousVegetation/HerbaceousVegetation_1847.jpg,2,7
data/raw/EuroSAT_RGB/SeaLake/SeaLake_1808.jpg,9,7
data/raw/EuroSAT_RGB/Forest/Forest_1103.jpg,1,7
data/raw/EuroSAT_RGB/AnnualCrop/AnnualCrop_2695.jpg,0,0
data/raw/EuroSAT_RGB/HerbaceousVegetation/HerbaceousVegetation_269.jpg,2,1
data/raw/EuroSAT_RGB/Highway/Highway_2160.jpg,3,3
data/raw/EuroSAT_RGB/AnnualCrop/AnnualCrop_2787.jpg,0,0
data/raw/EuroSAT_RGB/Highway/Highway_1869.jpg,3,3
data/raw/EuroSAT_RGB/Industrial/Industrial_1232.jpg,4,4
data/raw/EuroSAT_RGB/Highway/Highway_299.jpg,3,3
data/raw/EuroSAT_RGB/Highway/Highway_1600.jpg,3,3
data/raw/EuroSAT_RGB/HerbaceousVegetation/HerbaceousVegetation_2473.jpg,2,1
data/raw/EuroSAT_RGB/PermanentCrop/PermanentCrop_729.jpg,6,6
data/raw/EuroSAT_RGB/Highway/Highway_99.jpg,3,7
data/raw/EuroSAT_RGB/AnnualCrop/AnnualCrop_1098.jpg,0,0
data/raw/EuroSAT_RGB/SeaLake/SeaLake_990.jpg,9,1
data/raw/EuroSAT_RGB/Forest/Forest_609.jpg,1,1
data/raw/EuroSAT_RGB/Highway/Highway_760.jpg,3,3
data/raw/EuroSAT_RGB/Forest/Forest_2941.jpg,1,1
data/raw/EuroSAT_RGB/Forest/Forest_2343.jpg,1,1
data/raw/EuroSAT_RGB/River/River_1765.jpg,8,8
data/raw/EuroSAT_RGB/SeaLake/SeaLake_2627.jpg,9,1
data/raw/EuroSAT_RGB/PermanentCrop/PermanentCrop_91.jpg,6,6
data/raw/EuroSAT_RGB/Pasture/Pasture_271.jpg,5,1
data/raw/EuroSAT_RGB/River/River_880.jpg,8,1
data/raw/EuroSAT_RGB/River/River_2247.jpg,8,3
data/raw/EuroSAT_RGB/SeaLake/SeaLake_2654.jpg,9,1
data/raw/EuroSAT_RGB/HerbaceousVegetation/HerbaceousVegetation_2116.jpg,2,7
data/raw/EuroSAT_RGB/HerbaceousVegetation/HerbaceousVegetation_168.jpg,2,7
data/raw/EuroSAT_RGB/River/River_999.jpg,8,8
data/raw/EuroSAT_RGB/Industrial/Industrial_2496.jpg,4,4
data/raw/EuroSAT_RGB/Highway/Highway_1786.jpg,3,3
data/raw/EuroSAT_RGB/Pasture/Pasture_1648.jpg,5,5
data/raw/EuroSAT_RGB/Forest/Forest_305.jpg,1,1
data/raw/EuroSAT_RGB/PermanentCrop/PermanentCrop_2199.jpg,6,6
data/raw/EuroSAT_RGB/Pasture/Pasture_566.jpg,5,5
data/raw/EuroSAT_RGB/PermanentCrop/PermanentCrop_160.jpg,6,6
data/raw/EuroSAT_RGB/Forest/Forest_1624.jpg,1,1
data/raw/EuroSAT_RGB/Pasture/Pasture_1898.jpg,5,5
data/raw/EuroSAT_RGB/Industrial/Industrial_1097.jpg,4,4
data/raw/EuroSAT_RGB/River/River_1572.jpg,8,8
data/raw/EuroSAT_RGB/Forest/Forest_2752.jpg,1,1
data/raw/EuroSAT_RGB/Industrial/Industrial_1205.jpg,4,4
data/raw/EuroSAT_RGB/PermanentCrop/PermanentCrop_919.jpg,6,6
data/raw/EuroSAT_RGB/AnnualCrop/AnnualCrop_1691.jpg,0,0
data/raw/EuroSAT_RGB/Industrial/Industrial_1466.jpg,4,4
data/raw/EuroSAT_RGB/AnnualCrop/AnnualCrop_1808.jpg,0,0
data/raw/EuroSAT_RGB/HerbaceousVegetation/HerbaceousVegetation_1177.jpg,2,2
data/raw/EuroSAT_RGB/Industrial/Industrial_2384.jpg,4,4
data/raw/EuroSAT_RGB/HerbaceousVegetation/HerbaceousVegetation_1820.jpg,2,2
data/raw/EuroSAT_RGB/River/River_1367.jpg,8,8
data/raw/EuroSAT_RGB/Pasture/Pasture_116.jpg,5,7
data/raw/EuroSAT_RGB/HerbaceousVegetation/HerbaceousVegetation_16.jpg,2,7
data/raw/EuroSAT_RGB/PermanentCrop/PermanentCrop_542.jpg,6,6
data/raw/EuroSAT_RGB/AnnualCrop/AnnualCrop_1764.jpg,0,0
data/raw/EuroSAT_RGB/SeaLake/SeaLake_774.jpg,9,7
data/raw/EuroSAT_RGB/Pasture/Pasture_1463.jpg,5,1
data/raw/EuroSAT_RGB/Industrial/Industrial_1969.jpg,4,4
data/raw/EuroSAT_RGB/Highway/Highway_1524.jpg,3,3
data/raw/EuroSAT_RGB/Industrial/Industrial_1758.jpg,4,4
data/raw/EuroSAT_RGB/Industrial/Industrial_816.jpg,4,4
data/raw/EuroSAT_RGB/PermanentCrop/PermanentCrop_737.jpg,6,7
data/raw/EuroSAT_RGB/SeaLake/SeaLake_1781.jpg,9,1
data/raw/EuroSAT_RGB/Forest/Forest_862.jpg,1,1
data/raw/EuroSAT_RGB/Residential/Residential_2083.jpg,7,7
data/raw/EuroSAT_RGB/Industrial/Industrial_2081.jpg,4,4
data/raw/EuroSAT_RGB/AnnualCrop/AnnualCrop_1575.jpg,0,0
data/raw/EuroSAT_RGB/HerbaceousVegetation/HerbaceousVegetation_1381.jpg,2,7
data/raw/EuroSAT_RGB/HerbaceousVegetation/HerbaceousVegetation_1525.jpg,2,1
data/raw/EuroSAT_RGB/AnnualCrop/AnnualCrop_2186.jpg,0,0
data/raw/EuroSAT_RGB/Industrial/Industrial_1961.jpg,4,4
data/raw/EuroSAT_RGB/HerbaceousVegetation/HerbaceousVegetation_873.jpg,2,1
data/raw/EuroSAT_RGB/AnnualCrop/AnnualCrop_1644.jpg,0,0
data/raw/EuroSAT_RGB/River/River_2140.jpg,8,8
data/raw/EuroSAT_RGB/Residential/Residential_594.jpg,7,7
data/raw/EuroSAT_RGB/Residential/Residential_731.jpg,7,7
data/raw/EuroSAT_RGB/Pasture/Pasture_491.jpg,5,1
data/raw/EuroSAT_RGB/SeaLake/SeaLake_1367.jpg,9,7
data/raw/EuroSAT_RGB/Industrial/Industrial_530.jpg,4,4
data/raw/EuroSAT_RGB/Residential/Residential_649.jpg,7,7
data/raw/EuroSAT_RGB/Residential/Residential_1885.jpg,7,7
data/raw/EuroSAT_RGB/Residential/Residential_2087.jpg,7,7
data/raw/EuroSAT_RGB/Highway/Highway_2388.jpg,3,3
data/raw/EuroSAT_RGB/River/River_459.jpg,8,8
data/raw/EuroSAT_RGB/PermanentCrop/PermanentCrop_187.jpg,6,7
data/raw/EuroSAT_RGB/Forest/Forest_370.jpg,1,1
data/raw/EuroSAT_RGB/Forest/Forest_1814.jpg,1,1
data/raw/EuroSAT_RGB/Industrial/Industrial_1704.jpg,4,4
data/raw/EuroSAT_RGB/PermanentCrop/PermanentCrop_2321.jpg,6,6
data/raw/EuroSAT_RGB/River/River_233.jpg,8,7
data/raw/EuroSAT_RGB/AnnualCrop/AnnualCrop_137.jpg,0,0
data/raw/EuroSAT_RGB/PermanentCrop/PermanentCrop_383.jpg,6,7
data/raw/EuroSAT_RGB/PermanentCrop/PermanentCrop_2289.jpg,6,7
data/raw/EuroSAT_RGB/HerbaceousVegetation/HerbaceousVegetation_2827.jpg,2,2
data/raw/EuroSAT_RGB/Residential/Residential_1927.jpg,7,7
data/raw/EuroSAT_RGB/Industrial/Industrial_752.jpg,4,4
data/raw/EuroSAT_RGB/Pasture/Pasture_113.jpg,5,1
data/raw/EuroSAT_RGB/HerbaceousVegetation/HerbaceousVegetation_919.jpg,2,7
data/raw/EuroSAT_RGB/SeaLake/SeaLake_1538.jpg,9,1
data/raw/EuroSAT_RGB/AnnualCrop/AnnualCrop_1839.jpg,0,0
data/raw/EuroSAT_RGB/HerbaceousVegetation/HerbaceousVegetation_2058.jpg,2,7
data/raw/EuroSAT_RGB/Forest/Forest_1653.jpg,1,1
data/raw/EuroSAT_RGB/PermanentCrop/PermanentCrop_1410.jpg,6,6
data/raw/EuroSAT_RGB/Industrial/Industrial_102.jpg,4,4
data/raw/EuroSAT_RGB/Residential/Residential_2673.jpg,7,7
data/raw/EuroSAT_RGB/HerbaceousVegetation/HerbaceousVegetation_692.jpg,2,2
data/raw/EuroSAT_RGB/Residential/Residential_1259.jpg,7,7
data/raw/EuroSAT_RGB/HerbaceousVegetation/HerbaceousVegetation_593.jpg,2,7
data/raw/EuroSAT_RGB/Forest/Forest_532.jpg,1,1
data/raw/EuroSAT_RGB/PermanentCrop/PermanentCrop_1234.jpg,6,7
data/raw/EuroSAT_RGB/HerbaceousVegetation/HerbaceousVegetation_2713.jpg,2,7
data/raw/EuroSAT_RGB/PermanentCrop/PermanentCrop_730.jpg,6,7
data/raw/EuroSAT_RGB/AnnualCrop/AnnualCrop_888.jpg,0,0
data/raw/EuroSAT_RGB/River/River_1200.jpg,8,8
data/raw/EuroSAT_RGB/SeaLake/SeaLake_1723.jpg,9,1
data/raw/EuroSAT_RGB/River/River_139.jpg,8,2
data/raw/EuroSAT_RGB/SeaLake/SeaLake_1080.jpg,9,1
data/raw/EuroSAT_RGB/PermanentCrop/PermanentCrop_261.jpg,6,7
data/raw/EuroSAT_RGB/AnnualCrop/AnnualCrop_2633.jpg,0,0
data/raw/EuroSAT_RGB/HerbaceousVegetation/HerbaceousVegetation_2408.jpg,2,1
data/raw/EuroSAT_RGB/AnnualCrop/AnnualCrop_423.jpg,0,6
data/raw/EuroSAT_RGB/River/River_2005.jpg,8,8
data/raw/EuroSAT_RGB/SeaLake/SeaLake_2761.jpg,9,1
data/raw/EuroSAT_RGB/SeaLake/SeaLake_2030.jpg,9,1
data/raw/EuroSAT_RGB/Highway/Highway_2217.jpg,3,3
data/raw/EuroSAT_RGB/Highway/Highway_1336.jpg,3,3
data/raw/EuroSAT_RGB/Highway/Highway_1702.jpg,3,3
data/raw/EuroSAT_RGB/Pasture/Pasture_1669.jpg,5,1
data/raw/EuroSAT_RGB/AnnualCrop/AnnualCrop_1321.jpg,0,0
data/raw/EuroSAT_RGB/Forest/Forest_2390.jpg,1,1
data/raw/EuroSAT_RGB/SeaLake/SeaLake_1601.jpg,9,1
data/raw/EuroSAT_RGB/Pasture/Pasture_528.jpg,5,1
data/raw/EuroSAT_RGB/HerbaceousVegetation/HerbaceousVegetation_2213.jpg,2,1
data/raw/EuroSAT_RGB/HerbaceousVegetation/HerbaceousVegetation_797.jpg,2,1
data/raw/EuroSAT_RGB/HerbaceousVegetation/HerbaceousVegetation_1665.jpg,2,7
data/raw/EuroSAT_RGB/Pasture/Pasture_22.jpg,5,1
data/raw/EuroSAT_RGB/Highway/Highway_2409.jpg,3,3
data/raw/EuroSAT_RGB/Residential/Residential_2344.jpg,7,7
data/raw/EuroSAT_RGB/SeaLake/SeaLake_1386.jpg,9,7
data/raw/EuroSAT_RGB/Forest/Forest_2574.jpg,1,1
data/raw/EuroSAT_RGB/River/River_346.jpg,8,0
data/raw/EuroSAT_RGB/Industrial/Industrial_914.jpg,4,4
data/raw/EuroSAT_RGB/Highway/Highway_1777.jpg,3,2
data/raw/EuroSAT_RGB/Forest/Forest_1192.jpg,1,1
data/raw/EuroSAT_RGB/Pasture/Pasture_1880.jpg,5,7
data/raw/EuroSAT_RGB/Forest/Forest_119.jpg,1,1
data/raw/EuroSAT_RGB/Highway/Highway_851.jpg,3,3
data/raw/EuroSAT_RGB/PermanentCrop/PermanentCrop_1217.jpg,6,6
data/raw/EuroSAT_RGB/SeaLake/SeaLake_2076.jpg,9,1
data/raw/EuroSAT_RGB/Forest/Forest_35.jpg,1,1
data/raw/EuroSAT_RGB/Highway/Highway_201.jpg,3,3
data/raw/EuroSAT_RGB/Forest/Forest_2550.jpg,1,1
data/raw/EuroSAT_RGB/Highway/Highway_2242.jpg,3,3
data/raw/EuroSAT_RGB/River/River_250.jpg,8,8
data/raw/EuroSAT_RGB/Pasture/Pasture_784.jpg,5,7
data/raw/EuroSAT_RGB/Highway/Highway_1326.jpg,3,7
data/raw/EuroSAT_RGB/Forest/Forest_2103.jpg,1,1
data/raw/EuroSAT_RGB/AnnualCrop/AnnualCrop_2443.jpg,0,0
data/raw/EuroSAT_RGB/River/River_1349.jpg,8,8
data/raw/EuroSAT_RGB/HerbaceousVegetation/HerbaceousVegetation_1122.jpg,2,1
data/raw/EuroSAT_RGB/Highway/Highway_1093.jpg,3,3
data/raw/EuroSAT_RGB/Residential/Residential_1243.jpg,7,7
data/raw/EuroSAT_RGB/Industrial/Industrial_176.jpg,4,7
data/raw/EuroSAT_RGB/Forest/Forest_2462.jpg,1,1
data/raw/EuroSAT_RGB/Highway/Highway_812.jpg,3,7
data/raw/EuroSAT_RGB/HerbaceousVegetation/HerbaceousVegetation_1215.jpg,2,7
data/raw/EuroSAT_RGB/PermanentCrop/PermanentCrop_1183.jpg,6,6
data/raw/EuroSAT_RGB/HerbaceousVegetation/HerbaceousVegetation_2905.jpg,2,2
data/raw/EuroSAT_RGB/HerbaceousVegetation/HerbaceousVegetation_1875.jpg,2,1
data/raw/EuroSAT_RGB/SeaLake/SeaLake_2615.jpg,9,1
data/raw/EuroSAT_RGB/Forest/Forest_2585.jpg,1,1
data/raw/EuroSAT_RGB/PermanentCrop/PermanentCrop_2228.jpg,6,7
data/raw/EuroSAT_RGB/Residential/Residential_1639.jpg,7,7
data/raw/EuroSAT_RGB/HerbaceousVegetation/HerbaceousVegetation_2277.jpg,2,7
data/raw/EuroSAT_RGB/AnnualCrop/AnnualCrop_2114.jpg,0,0
data/raw/EuroSAT_RGB/Industrial/Industrial_1967.jpg,4,4
data/raw/EuroSAT_RGB/Highway/Highway_1655.jpg,3,3
data/raw/EuroSAT_RGB/PermanentCrop/PermanentCrop_580.jpg,6,6
data/raw/EuroSAT_RGB/River/River_2457.jpg,8,8
data/raw/EuroSAT_RGB/HerbaceousVegetation/HerbaceousVegetation_99.jpg,2,7
data/raw/EuroSAT_RGB/Residential/Residential_2959.jpg,7,7
data/raw/EuroSAT_RGB/SeaLake/SeaLake_1864.jpg,9,1
data/raw/EuroSAT_RGB/Pasture/Pasture_430.jpg,5,7
data/raw/EuroSAT_RGB/Industrial/Industrial_1511.jpg,4,4
data/raw/EuroSAT_RGB/River/River_1179.jpg,8,8
data/raw/EuroSAT_RGB/Industrial/Industrial_2431.jpg,4,4
data/raw/EuroSAT_RGB/SeaLake/SeaLake_796.jpg,9,1
data/raw/EuroSAT_RGB/Residential/Residential_264.jpg,7,7
data/raw/EuroSAT_RGB/Forest/Forest_1737.jpg,1,1
data/raw/EuroSAT_RGB/AnnualCrop/AnnualCrop_2289.jpg,0,0
data/raw/EuroSAT_RGB/AnnualCrop/AnnualCrop_707.jpg,0,0
data/raw/EuroSAT_RGB/Forest/Forest_1740.jpg,1,1
data/raw/EuroSAT_RGB/Forest/Forest_421.jpg,1,1
data/raw/EuroSAT_RGB/Residential/Residential_1422.jpg,7,7
data/raw/EuroSAT_RGB/River/River_2266.jpg,8,1
data/raw/EuroSAT_RGB/River/River_1116.jpg,8,1
data/raw/EuroSAT_RGB/Forest/Forest_709.jpg,1,1
data/raw/EuroSAT_RGB/Highway/Highway_2058.jpg,3,3
data/raw/EuroSAT_RGB/Industrial/Industrial_2027.jpg,4,4
data/raw/EuroSAT_RGB/AnnualCrop/AnnualCrop_2362.jpg,0,0
data/raw/EuroSAT_RGB/Forest/Forest_1794.jpg,1,1
data/raw/EuroSAT_RGB/Highway/Highway_1331.jpg,3,3
data/raw/EuroSAT_RGB/Forest/Forest_1412.jpg,1,1
data/raw/EuroSAT_RGB/River/River_619.jpg,8,8
data/raw/EuroSAT_RGB/Industrial/Industrial_465.jpg,4,4
data/raw/EuroSAT_RGB/Pasture/Pasture_903.jpg,5,1
data/raw/EuroSAT_RGB/River/River_1793.jpg,8,8
data/raw/EuroSAT_RGB/Highway/Highway_2381.jpg,3,3
data/raw/EuroSAT_RGB/Forest/Forest_644.jpg,1,1
data/raw/EuroSAT_RGB/Highway/Highway_2050.jpg,3,3
data/raw/EuroSAT_RGB/PermanentCrop/PermanentCrop_557.jpg,6,7
data/raw/EuroSAT_RGB/SeaLake/SeaLake_245.jpg,9,1
data/raw/EuroSAT_RGB/River/River_7.jpg,8,7
data/raw/EuroSAT_RGB/PermanentCrop/PermanentCrop_1117.jpg,6,6
data/raw/EuroSAT_RGB/HerbaceousVegetation/HerbaceousVegetation_781.jpg,2,7
data/raw/EuroSAT_RGB/River/River_1196.jpg,8,1
data/raw/EuroSAT_RGB/SeaLake/SeaLake_262.jpg,9,1
data/raw/EuroSAT_RGB/Pasture/Pasture_311.jpg,5,1
data/raw/EuroSAT_RGB/Industrial/Industrial_1241.jpg,4,7
data/raw/EuroSAT_RGB/AnnualCrop/AnnualCrop_661.jpg,0,0
data/raw/EuroSAT_RGB/Forest/Forest_277.jpg,1,1
data/raw/EuroSAT_RGB/Industrial/Industrial_529.jpg,4,4
data/raw/EuroSAT_RGB/Forest/Forest_2846.jpg,1,1
data/raw/EuroSAT_RGB/Residential/Residential_1208.jpg,7,7
data/raw/EuroSAT_RGB/River/River_2256.jpg,8,8
data/raw/EuroSAT_RGB/Forest/Forest_287.jpg,1,1
data/raw/EuroSAT_RGB/Pasture/Pasture_894.jpg,5,1
data/raw/EuroSAT_RGB/Highway/Highway_75.jpg,3,3
data/raw/EuroSAT_RGB/HerbaceousVegetation/HerbaceousVegetation_1422.jpg,2,7
data/raw/EuroSAT_RGB/Pasture/Pasture_1945.jpg,5,1
data/raw/EuroSAT_RGB/AnnualCrop/AnnualCrop_2804.jpg,0,6
data/raw/EuroSAT_RGB/PermanentCrop/PermanentCrop_842.jpg,6,6
data/raw/EuroSAT_RGB/Forest/Forest_2803.jpg,1,1
data/raw/EuroSAT_RGB/SeaLake/SeaLake_1294.jpg,9,1
data/raw/EuroSAT_RGB/SeaLake/SeaLake_2349.jpg,9,1
data/raw/EuroSAT_RGB/River/River_1847.jpg,8,8
data/raw/EuroSAT_RGB/HerbaceousVegetation/HerbaceousVegetation_882.jpg,2,7
data/raw/EuroSAT_RGB/Residential/Residential_2002.jpg,7,7
data/raw/EuroSAT_RGB/Highway/Highway_2493.jpg,3,3
data/raw/EuroSAT_RGB/Industrial/Industrial_788.jpg,4,4
data/raw/EuroSAT_RGB/River/River_2239.jpg,8,1
data/raw/EuroSAT_RGB/Residential/Residential_1593.jpg,7,7
data/raw/EuroSAT_RGB/HerbaceousVegetation/HerbaceousVegetation_2813.jpg,2,7
data/raw/EuroSAT_RGB/Industrial/Industrial_2118.jpg,4,4
data/raw/EuroSAT_RGB/HerbaceousVegetation/HerbaceousVegetation_1599.jpg,2,1
data/raw/EuroSAT_RGB/River/River_365.jpg,8,7
data/raw/EuroSAT_RGB/HerbaceousVegetation/HerbaceousVegetation_41.jpg,2,1
data/raw/EuroSAT_RGB/HerbaceousVegetation/HerbaceousVegetation_334.jpg,2,7
data/raw/EuroSAT_RGB/SeaLake/SeaLake_1392.jpg,9,1
data/raw/EuroSAT_RGB/PermanentCrop/PermanentCrop_1090.jpg,6,6
data/raw/EuroSAT_RGB/Forest/Forest_1240.jpg,1,1
data/raw/EuroSAT_RGB/HerbaceousVegetation/HerbaceousVegetation_1157.jpg,2,2
data/raw/EuroSAT_RGB/Industrial/Industrial_1359.jpg,4,7
data/raw/EuroSAT_RGB/Residential/Residential_2086.jpg,7,7
data/raw/EuroSAT_RGB/Highway/Highway_2406.jpg,3,3
data/raw/EuroSAT_RGB/HerbaceousVegetation/HerbaceousVegetation_2423.jpg,2,1
data/raw/EuroSAT_RGB/Industrial/Industrial_1644.jpg,4,4
data/raw/EuroSAT_RGB/Highway/Highway_1062.jpg,3,3
data/raw/EuroSAT_RGB/AnnualCrop/AnnualCrop_1136.jpg,0,0
data/raw/EuroSAT_RGB/HerbaceousVegetation/HerbaceousVegetation_2085.jpg,2,2
data/raw/EuroSAT_RGB/Residential/Residential_2938.jpg,7,7
data/raw/EuroSAT_RGB/AnnualCrop/AnnualCrop_1714.jpg,0,0
data/raw/EuroSAT_RGB/HerbaceousVegetation/HerbaceousVegetation_725.jpg,2,2
data/raw/EuroSAT_RGB/River/River_2228.jpg,8,8
data/raw/EuroSAT_RGB/HerbaceousVegetation/HerbaceousVegetation_2186.jpg,2,2
data/raw/EuroSAT_RGB/AnnualCrop/AnnualCrop_213.jpg,0,0
data/raw/EuroSAT_RGB/Highway/Highway_2012.jpg,3,3
data/raw/EuroSAT_RGB/Pasture/Pasture_1750.jpg,5,1
data/raw/EuroSAT_RGB/HerbaceousVegetation/HerbaceousVegetation_1857.jpg,2,1
data/raw/EuroSAT_RGB/Residential/Residential_1910.jpg,7,7
data/raw/EuroSAT_RGB/Industrial/Industrial_1768.jpg,4,4
data/raw/EuroSAT_RGB/Residential/Residential_2384.jpg,7,7
data/raw/EuroSAT_RGB/Industrial/Industrial_1091.jpg,4,7
data/raw/EuroSAT_RGB/SeaLake/SeaLake_3.jpg,9,1
data/raw/EuroSAT_RGB/Residential/Residential_719.jpg,7,7
data/raw/EuroSAT_RGB/HerbaceousVegetation/HerbaceousVegetation_1127.jpg,2,7
data/raw/EuroSAT_RGB/Residential/Residential_2459.jpg,7,7
data/raw/EuroSAT_RGB/Highway/Highway_1097.jpg,3,3
data/raw/EuroSAT_RGB/HerbaceousVegetation/HerbaceousVegetation_2703.jpg,2,7
data/raw/EuroSAT_RGB/SeaLake/SeaLake_1155.jpg,9,1
data/raw/EuroSAT_RGB/Industrial/Industrial_1514.jpg,4,4
data/raw/EuroSAT_RGB/PermanentCrop/PermanentCrop_888.jpg,6,6
data/raw/EuroSAT_RGB/AnnualCrop/AnnualCrop_1222.jpg,0,6
data/raw/EuroSAT_RGB/Forest/Forest_53.jpg,1,1
data/raw/EuroSAT_RGB/Industrial/Industrial_1009.jpg,4,4
data/raw/EuroSAT_RGB/SeaLake/SeaLake_467.jpg,9,1
data/raw/EuroSAT_RGB/River/River_2493.jpg,8,8
data/raw/EuroSAT_RGB/HerbaceousVegetation/HerbaceousVegetation_333.jpg,2,1
data/raw/EuroSAT_RGB/AnnualCrop/AnnualCrop_2284.jpg,0,0
data/raw/EuroSAT_RGB/HerbaceousVegetation/HerbaceousVegetation_903.jpg,2,7
data/raw/EuroSAT_RGB/Forest/Forest_1981.jpg,1,1
data/raw/EuroSAT_RGB/Highway/Highway_1075.jpg,3,3
data/raw/EuroSAT_RGB/Forest/Forest_2852.jpg,1,1
data/raw/EuroSAT_RGB/Pasture/Pasture_549.jpg,5,7
data/raw/EuroSAT_RGB/Residential/Residential_2293.jpg,7,7
data/raw/EuroSAT_RGB/Industrial/Industrial_2479.jpg,4,4
data/raw/EuroSAT_RGB/Highway/Highway_347.jpg,3,7
data/raw/EuroSAT_RGB/River/River_1857.jpg,8,8
data/raw/EuroSAT_RGB/Industrial/Industrial_824.jpg,4,4
data/raw/EuroSAT_RGB/HerbaceousVegetation/HerbaceousVegetation_2684.jpg,2,7
data/raw/EuroSAT_RGB/HerbaceousVegetation/HerbaceousVegetation_2707.jpg,2,2
data/raw/EuroSAT_RGB/SeaLake/SeaLake_258.jpg,9,1
data/raw/EuroSAT_RGB/River/River_694.jpg,8,8
data/raw/EuroSAT_RGB/HerbaceousVegetation/HerbaceousVegetation_2994.jpg,2,1
data/raw/EuroSAT_RGB/Residential/Residential_916.jpg,7,7
data/raw/EuroSAT_RGB/PermanentCrop/PermanentCrop_878.jpg,6,7
data/raw/EuroSAT_RGB/SeaLake/SeaLake_2474.jpg,9,1
data/raw/EuroSAT_RGB/Residential/Residential_1723.jpg,7,7
data/raw/EuroSAT_RGB/Residential/Residential_1246.jpg,7,7
data/raw/EuroSAT_RGB/Pasture/Pasture_5.jpg,5,1
data/raw/EuroSAT_RGB/River/River_2273.jpg,8,7
data/raw/EuroSAT_RGB/Highway/Highway_239.jpg,3,3
data/raw/EuroSAT_RGB/AnnualCrop/AnnualCrop_1036.jpg,0,7
data/raw/EuroSAT_RGB/Residential/Residential_86.jpg,7,7
data/raw/EuroSAT_RGB/PermanentCrop/PermanentCrop_416.jpg,6,7
data/raw/EuroSAT_RGB/Pasture/Pasture_1235.jpg,5,1
data/raw/EuroSAT_RGB/HerbaceousVegetation/HerbaceousVegetation_648.jpg,2,7
data/raw/EuroSAT_RGB/Residential/Residential_2457.jpg,7,7
data/raw/EuroSAT_RGB/Forest/Forest_2930.jpg,1,1
data/raw/EuroSAT_RGB/Pasture/Pasture_1547.jpg,5,1
data/raw/EuroSAT_RGB/River/River_1354.jpg,8,8
data/raw/EuroSAT_RGB/Industrial/Industrial_1288.jpg,4,4
data/raw/EuroSAT_RGB/River/River_1966.jpg,8,8
data/raw/EuroSAT_RGB/River/River_718.jpg,8,8
data/raw/EuroSAT_RGB/Industrial/Industrial_793.jpg,4,4
data/raw/EuroSAT_RGB/Residential/Residential_965.jpg,7,7
data/raw/EuroSAT_RGB/River/River_946.jpg,8,1
data/raw/EuroSAT_RGB/PermanentCrop/PermanentCrop_1556.jpg,6,7
data/raw/EuroSAT_RGB/River/River_32.jpg,8,7
data/raw/EuroSAT_RGB/HerbaceousVegetation/HerbaceousVegetation_397.jpg,2,7
data/raw/EuroSAT_RGB/PermanentCrop/PermanentCrop_2147.jpg,6,6
data/raw/EuroSAT_RGB/River/River_2306.jpg,8,8
data/raw/EuroSAT_RGB/PermanentCrop/PermanentCrop_1043.jpg,6,7
data/raw/EuroSAT_RGB/AnnualCrop/AnnualCrop_2227.jpg,0,0
data/raw/EuroSAT_RGB/Industrial/Industrial_1425.jpg,4,4
data/raw/EuroSAT_RGB/HerbaceousVegetation/HerbaceousVegetation_1473.jpg,2,2
data/raw/EuroSAT_RGB/Industrial/Industrial_1482.jpg,4,4
data/raw/EuroSAT_RGB/SeaLake/SeaLake_1643.jpg,9,1
data/raw/EuroSAT_RGB/SeaLake/SeaLake_1325.jpg,9,1
data/raw/EuroSAT_RGB/AnnualCrop/AnnualCrop_2836.jpg,0,6
data/raw/EuroSAT_RGB/Industrial/Industrial_2084.jpg,4,4
data/raw/EuroSAT_RGB/Residential/Residential_1482.jpg,7,7
data/raw/EuroSAT_RGB/AnnualCrop/AnnualCrop_6.jpg,0,1
data/raw/EuroSAT_RGB/River/River_1995.jpg,8,8
data/raw/EuroSAT_RGB/Highway/Highway_2238.jpg,3,3
data/raw/EuroSAT_RGB/Forest/Forest_1490.jpg,1,1
data/raw/EuroSAT_RGB/PermanentCrop/PermanentCrop_2458.jpg,6,6
data/raw/EuroSAT_RGB/Industrial/Industrial_1593.jpg,4,4
data/raw/EuroSAT_RGB/Forest/Forest_1532.jpg,1,1
data/raw/EuroSAT_RGB/River/River_2406.jpg,8,1
data/raw/EuroSAT_RGB/Forest/Forest_170.jpg,1,1
data/raw/EuroSAT_RGB/Residential/Residential_773.jpg,7,7
data/raw/EuroSAT_RGB/SeaLake/SeaLake_1225.jpg,9,1
data/raw/EuroSAT_RGB/Pasture/Pasture_1663.jpg,5,7
data/raw/EuroSAT_RGB/Highway/Highway_1530.jpg,3,7
data/raw/EuroSAT_RGB/SeaLake/SeaLake_499.jpg,9,1
data/raw/EuroSAT_RGB/Highway/Highway_605.jpg,3,3
data/raw/EuroSAT_RGB/River/River_1546.jpg,8,4
data/raw/EuroSAT_RGB/River/River_147.jpg,8,8
data/raw/EuroSAT_RGB/AnnualCrop/AnnualCrop_2853.jpg,0,0
data/raw/EuroSAT_RGB/Highway/Highway_2310.jpg,3,3
data/raw/EuroSAT_RGB/Residential/Residential_2593.jpg,7,7
data/raw/EuroSAT_RGB/HerbaceousVegetation/HerbaceousVegetation_1476.jpg,2,1
data/raw/EuroSAT_RGB/Industrial/Industrial_1668.jpg,4,4
data/raw/EuroSAT_RGB/Residential/Residential_1035.jpg,7,7
data/raw/EuroSAT_RGB/Industrial/Industrial_148.jpg,4,4
data/raw/EuroSAT_RGB/HerbaceousVegetation/HerbaceousVegetation_1537.jpg,2,1
data/raw/EuroSAT_RGB/River/River_1563.jpg,8,8
data/raw/EuroSAT_RGB/PermanentCrop/PermanentCrop_2176.jpg,6,6
data/raw/EuroSAT_RGB/AnnualCrop/AnnualCrop_1850.jpg,0,1
data/raw/EuroSAT_RGB/HerbaceousVegetation/HerbaceousVegetation_2524.jpg,2,2
data/raw/EuroSAT_RGB/Pasture/Pasture_1974.jpg,5,1
data/raw/EuroSAT_RGB/SeaLake/SeaLake_2760.jpg,9,1
data/raw/EuroSAT_RGB/River/River_1841.jpg,8,8
data/raw/EuroSAT_RGB/Forest/Forest_547.jpg,1,1
data/raw/EuroSAT_RGB/PermanentCrop/PermanentCrop_447.jpg,6,6
data/raw/EuroSAT_RGB/Residential/Residential_2462.jpg,7,7
data/raw/EuroSAT_RGB/AnnualCrop/AnnualCrop_927.jpg,0,0
data/raw/EuroSAT_RGB/PermanentCrop/PermanentCrop_1525.jpg,6,6
data/raw/EuroSAT_RGB/HerbaceousVegetation/HerbaceousVegetation_1159.jpg,2,1
data/raw/EuroSAT_RGB/River/River_70.jpg,8,7
data/raw/EuroSAT_RGB/Residential/Residential_2891.jpg,7,7
data/raw/EuroSAT_RGB/Forest/Forest_2734.jpg,1,1
data/raw/EuroSAT_RGB/AnnualCrop/AnnualCrop_1604.jpg,0,0
data/raw/EuroSAT_RGB/PermanentCrop/PermanentCrop_2170.jpg,6,6
data/raw/EuroSAT_RGB/Residential/Residential_1161.jpg,7,7
data/raw/EuroSAT_RGB/Residential/Residential_567.jpg,7,7
data/raw/EuroSAT_RGB/PermanentCrop/PermanentCrop_2105.jpg,6,7
data/raw/EuroSAT_RGB/Forest/Forest_860.jpg,1,1
data/raw/EuroSAT_RGB/SeaLake/SeaLake_213.jpg,9,1
data/raw/EuroSAT_RGB/Industrial/Industrial_2038.jpg,4,4
data/raw/EuroSAT_RGB/Forest/Forest_2593.jpg,1,1
data/raw/EuroSAT_RGB/Industrial/Industrial_1823.jpg,4,4
data/raw/EuroSAT_RGB/Pasture/Pasture_296.jpg,5,7
data/raw/EuroSAT_RGB/Residential/Residential_1635.jpg,7,7
data/raw/EuroSAT_RGB/Industrial/Industrial_820.jpg,4,4
data/raw/EuroSAT_RGB/Highway/Highway_345.jpg,3,3
data/raw/EuroSAT_RGB/Highway/Highway_427.jpg,3,3
data/raw/EuroSAT_RGB/Residential/Residential_1383.jpg,7,7
data/raw/EuroSAT_RGB/Highway/Highway_907.jpg,3,3
data/raw/EuroSAT_RGB/AnnualCrop/AnnualCrop_802.jpg,0,0
data/raw/EuroSAT_RGB/PermanentCrop/PermanentCrop_598.jpg,6,6
data/raw/EuroSAT_RGB/Highway/Highway_8.jpg,3,3
data/raw/EuroSAT_RGB/HerbaceousVegetation/HerbaceousVegetation_1997.jpg,2,2
data/raw/EuroSAT_RGB/Residential/Residential_1699.jpg,7,7
data/raw/EuroSAT_RGB/AnnualCrop/AnnualCrop_2366.jpg,0,0
data/raw/EuroSAT_RGB/Forest/Forest_2787.jpg,1,1
data/raw/EuroSAT_RGB/Industrial/Industrial_1123.jpg,4,4
data/raw/EuroSAT_RGB/Forest/Forest_329.jpg,1,1
data/raw/EuroSAT_RGB/Industrial/Industrial_1877.jpg,4,4
data/raw/EuroSAT_RGB/Residential/Residential_668.jpg,7,7
data/raw/EuroSAT_RGB/Pasture/Pasture_1414.jpg,5,7
data/raw/EuroSAT_RGB/Industrial/Industrial_2358.jpg,4,4
data/raw/EuroSAT_RGB/PermanentCrop/PermanentCrop_2226.jpg,6,6
data/raw/EuroSAT_RGB/River/River_949.jpg,8,8
data/raw/EuroSAT_RGB/Pasture/Pasture_1457.jpg,5,1
data/raw/EuroSAT_RGB/Industrial/Industrial_1557.jpg,4,4
data/raw/EuroSAT_RGB/Industrial/Industrial_2151.jpg,4,4
data/raw/EuroSAT_RGB/AnnualCrop/AnnualCrop_2930.jpg,0,0
data/raw/EuroSAT_RGB/Residential/Residential_1942.jpg,7,7
data/raw/EuroSAT_RGB/Pasture/Pasture_192.jpg,5,7
data/raw/EuroSAT_RGB/Industrial/Industrial_2456.jpg,4,4
data/raw/EuroSAT_RGB/PermanentCrop/PermanentCrop_251.jpg,6,1
data/raw/EuroSAT_RGB/HerbaceousVegetation/HerbaceousVegetation_627.jpg,2,2
data/raw/EuroSAT_RGB/SeaLake/SeaLake_2087.jpg,9,1
data/raw/EuroSAT_RGB/AnnualCrop/AnnualCrop_912.jpg,0,0
data/raw/EuroSAT_RGB/HerbaceousVegetation/HerbaceousVegetation_239.jpg,2,7
data/raw/EuroSAT_RGB/Residential/Residential_962.jpg,7,7
data/raw/EuroSAT_RGB/Highway/Highway_880.jpg,3,3
data/raw/EuroSAT_RGB/Highway/Highway_1969.jpg,3,3
data/raw/EuroSAT_RGB/SeaLake/SeaLake_40.jpg,9,1
data/raw/EuroSAT_RGB/AnnualCrop/AnnualCrop_2909.jpg,0,0
data/raw/EuroSAT_RGB/Industrial/Industrial_2408.jpg,4,4
data/raw/EuroSAT_RGB/HerbaceousVegetation/HerbaceousVegetation_813.jpg,2,7
data/raw/EuroSAT_RGB/SeaLake/SeaLake_2357.jpg,9,1
data/raw/EuroSAT_RGB/River/River_1657.jpg,8,8
data/raw/EuroSAT_RGB/SeaLake/SeaLake_2420.jpg,9,1
data/raw/EuroSAT_RGB/Highway/Highway_1247.jpg,3,7
data/raw/EuroSAT_RGB/SeaLake/SeaLake_2040.jpg,9,1
data/raw/EuroSAT_RGB/Forest/Forest_1784.jpg,1,1
data/raw/EuroSAT_RGB/Residential/Residential_1664.jpg,7,7
data/raw/EuroSAT_RGB/PermanentCrop/PermanentCrop_784.jpg,6,7
data/raw/EuroSAT_RGB/Highway/Highway_1082.jpg,3,3
data/raw/EuroSAT_RGB/Industrial/Industrial_826.jpg,4,7
data/raw/EuroSAT_RGB/Forest/Forest_2506.jpg,1,1
data/raw/EuroSAT_RGB/Pasture/Pasture_605.jpg,5,1
data/raw/EuroSAT_RGB/Residential/Residential_352.jpg,7,7
data/raw/EuroSAT_RGB/AnnualCrop/AnnualCrop_1179.jpg,0,0
data/raw/EuroSAT_RGB/AnnualCrop/AnnualCrop_2638.jpg,0,0
data/raw/EuroSAT_RGB/AnnualCrop/AnnualCrop_706.jpg,0,6
data/raw/EuroSAT_RGB/HerbaceousVegetation/HerbaceousVegetation_481.jpg,2,1
data/raw/EuroSAT_RGB/River/River_621.jpg,8,8
data/raw/EuroSAT_RGB/HerbaceousVegetation/HerbaceousVegetation_1562.jpg,2,2
data/raw/EuroSAT_RGB/River/River_1871.jpg,8,7
data/raw/EuroSAT_RGB/River/River_832.jpg,8,8
data/raw/EuroSAT_RGB/Pasture/Pasture_115.jpg,5,7
data/raw/EuroSAT_RGB/PermanentCrop/PermanentCrop_1428.jpg,6,6
data/raw/EuroSAT_RGB/AnnualCrop/AnnualCrop_2197.jpg,0,0
data/raw/EuroSAT_RGB/Pasture/Pasture_1729.jpg,5,1
data/raw/EuroSAT_RGB/Forest/Forest_74.jpg,1,1
data/raw/EuroSAT_RGB/HerbaceousVegetation/HerbaceousVegetation_1559.jpg,2,7
data/raw/EuroSAT_RGB/River/River_1568.jpg,8,1
data/raw/EuroSAT_RGB/PermanentCrop/PermanentCrop_2491.jpg,6,7
data/raw/EuroSAT_RGB/Industrial/Industrial_1999.jpg,4,7
data/raw/EuroSAT_RGB/SeaLake/SeaLake_1579.jpg,9,1
data/raw/EuroSAT_RGB/PermanentCrop/PermanentCrop_2336.jpg,6,6
data/raw/EuroSAT_RGB/PermanentCrop/PermanentCrop_651.jpg,6,2
data/raw/EuroSAT_RGB/PermanentCrop/PermanentCrop_540.jpg,6,7
data/raw/EuroSAT_RGB/SeaLake/SeaLake_1108.jpg,9,1
data/raw/EuroSAT_RGB/HerbaceousVegetation/HerbaceousVegetation_1397.jpg,2,7
data/raw/EuroSAT_RGB/Highway/Highway_1753.jpg,3,3
data/raw/EuroSAT_RGB/AnnualCrop/AnnualCrop_2480.jpg,0,0
data/raw/EuroSAT_RGB/HerbaceousVegetation/HerbaceousVegetation_2895.jpg,2,1
data/raw/EuroSAT_RGB/Industrial/Industrial_381.jpg,4,4
data/raw/EuroSAT_RGB/AnnualCrop/AnnualCrop_2020.jpg,0,0
data/raw/EuroSAT_RGB/Industrial/Industrial_1083.jpg,4,4
data/raw/EuroSAT_RGB/Residential/Residential_1501.jpg,7,7
data/raw/EuroSAT_RGB/River/River_1561.jpg,8,8
data/raw/EuroSAT_RGB/SeaLake/SeaLake_2183.jpg,9,7
data/raw/EuroSAT_RGB/AnnualCrop/AnnualCrop_1250.jpg,0,0
data/raw/EuroSAT_RGB/Highway/Highway_628.jpg,3,3
data/raw/EuroSAT_RGB/Highway/Highway_1935.jpg,3,3
data/raw/EuroSAT_RGB/Residential/Residential_575.jpg,7,7
data/raw/EuroSAT_RGB/AnnualCrop/AnnualCrop_651.jpg,0,0
data/raw/EuroSAT_RGB/Highway/Highway_363.jpg,3,3
data/raw/EuroSAT_RGB/Forest/Forest_2886.jpg,1,1
data/raw/EuroSAT_RGB/Residential/Residential_1572.jpg,7,7
data/raw/EuroSAT_RGB/HerbaceousVegetation/HerbaceousVegetation_2591.jpg,2,7
data/raw/EuroSAT_RGB/Industrial/Industrial_1296.jpg,4,4
data/raw/EuroSAT_RGB/HerbaceousVegetation/HerbaceousVegetation_1462.jpg,2,7
data/raw/EuroSAT_RGB/AnnualCrop/AnnualCrop_2293.jpg,0,0
data/raw/EuroSAT_RGB/Highway/Highway_1690.jpg,3,3
data/raw/EuroSAT_RGB/Forest/Forest_2669.jpg,1,1
data/raw/EuroSAT_RGB/Forest/Forest_2582.jpg,1,1
data/raw/EuroSAT_RGB/River/River_347.jpg,8,8
data/raw/EuroSAT_RGB/Highway/Highway_488.jpg,3,3
data/raw/EuroSAT_RGB/HerbaceousVegetation/HerbaceousVegetation_974.jpg,2,1
data/raw/EuroSAT_RGB/Highway/Highway_1750.jpg,3,3
data/raw/EuroSAT_RGB/Industrial/Industrial_1142.jpg,4,4
data/raw/EuroSAT_RGB/SeaLake/SeaLake_1755.jpg,9,1
data/raw/EuroSAT_RGB/AnnualCrop/AnnualCrop_72.jpg,0,1
data/raw/EuroSAT_RGB/Forest/Forest_1763.jpg,1,1
data/raw/EuroSAT_RGB/Residential/Residential_2942.jpg,7,7
data/raw/EuroSAT_RGB/Forest/Forest_578.jpg,1,1
data/raw/EuroSAT_RGB/Residential/Residential_618.jpg,7,7
data/raw/EuroSAT_RGB/PermanentCrop/PermanentCrop_1394.jpg,6,7
data/raw/EuroSAT_RGB/PermanentCrop/PermanentCrop_26.jpg,6,7
data/raw/EuroSAT_RGB/Highway/Highway_1333.jpg,3,3
data/raw/EuroSAT_RGB/SeaLake/SeaLake_2639.jpg,9,1
data/raw/EuroSAT_RGB/Highway/Highway_2179.jpg,3,3
data/raw/EuroSAT_RGB/River/River_418.jpg,8,8
data/raw/EuroSAT_RGB/River/River_1275.jpg,8,7
data/raw/EuroSAT_RGB/Pasture/Pasture_134.jpg,5,7
data/raw/EuroSAT_RGB/Forest/Forest_1541.jpg,1,1
data/raw/EuroSAT_RGB/Pasture/Pasture_431.jpg,5,1
data/raw/EuroSAT_RGB/SeaLake/SeaLake_446.jpg,9,1
data/raw/EuroSAT_RGB/AnnualCrop/AnnualCrop_1301.jpg,0,0
data/raw/EuroSAT_RGB/PermanentCrop/PermanentCrop_300.jpg,6,6
data/raw/EuroSAT_RGB/HerbaceousVegetation/HerbaceousVegetation_1048.jpg,2,7
data/raw/EuroSAT_RGB/Pasture/Pasture_936.jpg,5,7
data/raw/EuroSAT_RGB/PermanentCrop/PermanentCrop_2494.jpg,6,7
data/raw/EuroSAT_RGB/Residential/Residential_274.jpg,7,7
data/raw/EuroSAT_RGB/AnnualCrop/AnnualCrop_158.jpg,0,7
data/raw/EuroSAT_RGB/Highway/Highway_1641.jpg,3,7
data/raw/EuroSAT_RGB/HerbaceousVegetation/HerbaceousVegetation_1763.jpg,2,7
data/raw/EuroSAT_RGB/Forest/Forest_1233.jpg,1,1
data/raw/EuroSAT_RGB/HerbaceousVegetation/HerbaceousVegetation_1595.jpg,2,7
data/raw/EuroSAT_RGB/AnnualCrop/AnnualCrop_1611.jpg,0,0
data/raw/EuroSAT_RGB/AnnualCrop/AnnualCrop_1544.jpg,0,0
data/raw/EuroSAT_RGB/Industrial/Industrial_1346.jpg,4,4
data/raw/EuroSAT_RGB/AnnualCrop/AnnualCrop_2415.jpg,0,2
data/raw/EuroSAT_RGB/Residential/Residential_1844.jpg,7,7
data/raw/EuroSAT_RGB/AnnualCrop/AnnualCrop_1570.jpg,0,0
data/raw/EuroSAT_RGB/Forest/Forest_2882.jpg,1,1
data/raw/EuroSAT_RGB/Forest/Forest_1162.jpg,1,1
data/raw/EuroSAT_RGB/Highway/Highway_1258.jpg,3,3
data/raw/EuroSAT_RGB/Forest/Forest_2044.jpg,1,1
data/raw/EuroSAT_RGB/River/River_1920.jpg,8,8
data/raw/EuroSAT_RGB/River/River_1941.jpg,8,8
data/raw/EuroSAT_RGB/SeaLake/SeaLake_2449.jpg,9,1
data/raw/EuroSAT_RGB/Industrial/Industrial_2399.jpg,4,4
data/raw/EuroSAT_RGB/AnnualCrop/AnnualCrop_2033.jpg,0,0
data/raw/EuroSAT_RGB/Residential/Residential_1506.jpg,7,7
data/raw/EuroSAT_RGB/PermanentCrop/PermanentCrop_2379.jpg,6,6
data/raw/EuroSAT_RGB/Industrial/Industrial_1534.jpg,4,4
data/raw/EuroSAT_RGB/HerbaceousVegetation/HerbaceousVegetation_2647.jpg,2,1
data/raw/EuroSAT_RGB/River/River_399.jpg,8,8
data/raw/EuroSAT_RGB/AnnualCrop/AnnualCrop_1030.jpg,0,5
data/raw/EuroSAT_RGB/Pasture/Pasture_349.jpg,5,7
data/raw/EuroSAT_RGB/River/River_1476.jpg,8,7
data/raw/EuroSAT_RGB/AnnualCrop/AnnualCrop_1788.jpg,0,0
data/raw/EuroSAT_RGB/PermanentCrop/PermanentCrop_904.jpg,6,6
data/raw/EuroSAT_RGB/PermanentCrop/PermanentCrop_1956.jpg,6,6
data/raw/EuroSAT_RGB/Highway/Highway_51.jpg,3,3
data/raw/EuroSAT_RGB/Pasture/Pasture_672.jpg,5,1
data/raw/EuroSAT_RGB/Industrial/Industrial_1430.jpg,4,4
data/raw/EuroSAT_RGB/Pasture/Pasture_1458.jpg,5,1
data/raw/EuroSAT_RGB/SeaLake/SeaLake_1457.jpg,9,1
data/raw/EuroSAT_RGB/Forest/Forest_2666.jpg,1,1
data/raw/EuroSAT_RGB/Forest/Forest_1442.jpg,1,1
data/raw/EuroSAT_RGB/AnnualCrop/AnnualCrop_1108.jpg,0,0
data/raw/EuroSAT_RGB/PermanentCrop/PermanentCrop_636.jpg,6,6
data/raw/EuroSAT_RGB/AnnualCrop/AnnualCrop_766.jpg,0,0
data/raw/EuroSAT_RGB/Pasture/Pasture_1026.jpg,5,1
data/raw/EuroSAT_RGB/Highway/Highway_391.jpg,3,3
data/raw/EuroSAT_RGB/Industrial/Industrial_942.jpg,4,7
data/raw/EuroSAT_RGB/HerbaceousVegetation/HerbaceousVegetation_116.jpg,2,7
data/raw/EuroSAT_RGB/Highway/Highway_2038.jpg,3,3
data/raw/EuroSAT_RGB/Highway/Highway_1885.jpg,3,3
data/raw/EuroSAT_RGB/SeaLake/SeaLake_1129.jpg,9,1
data/raw/EuroSAT_RGB/Highway/Highway_1626.jpg,3,3
data/raw/EuroSAT_RGB/PermanentCrop/PermanentCrop_1514.jpg,6,6
data/raw/EuroSAT_RGB/Forest/Forest_93.jpg,1,1
data/raw/EuroSAT_RGB/HerbaceousVegetation/HerbaceousVegetation_1248.jpg,2,1
data/raw/EuroSAT_RGB/HerbaceousVegetation/HerbaceousVegetation_2579.jpg,2,1
data/raw/EuroSAT_RGB/HerbaceousVegetation/HerbaceousVegetation_2698.jpg,2,1
data/raw/EuroSAT_RGB/SeaLake/SeaLake_76.jpg,9,7
data/raw/EuroSAT_RGB/Residential/Residential_1517.jpg,7,7
data/raw/EuroSAT_RGB/Pasture/Pasture_1937.jpg,5,1
data/raw/EuroSAT_RGB/HerbaceousVegetation/HerbaceousVegetation_1244.jpg,2,2
data/raw/EuroSAT_RGB/Residential/Residential_2664.jpg,7,7
data/raw/EuroSAT_RGB/Industrial/Industrial_1092.jpg,4,4
data/raw/EuroSAT_RGB/HerbaceousVegetation/HerbaceousVegetation_1429.jpg,2,7
data/raw/EuroSAT_RGB/PermanentCrop/PermanentCrop_623.jpg,6,6
data/raw/EuroSAT_RGB/AnnualCrop/AnnualCrop_1006.jpg,0,0
data/raw/EuroSAT_RGB/SeaLake/SeaLake_588.jpg,9,7
data/raw/EuroSAT_RGB/Forest/Forest_343.jpg,1,1
data/raw/EuroSAT_RGB/PermanentCrop/PermanentCrop_830.jpg,6,6
data/raw/EuroSAT_RGB/AnnualCrop/AnnualCrop_147.jpg,0,0
data/raw/EuroSAT_RGB/SeaLake/SeaLake_2832.jpg,9,1
data/raw/EuroSAT_RGB/AnnualCrop/AnnualCrop_1627.jpg,0,0
data/raw/EuroSAT_RGB/Industrial/Industrial_2068.jpg,4,4
data/raw/EuroSAT_RGB/SeaLake/SeaLake_20.jpg,9,1
data/raw/EuroSAT_RGB/PermanentCrop/PermanentCrop_1031.jpg,6,7
data/raw/EuroSAT_RGB/HerbaceousVegetation/HerbaceousVegetation_2302.jpg,2,2
data/raw/EuroSAT_RGB/Residential/Residential_2564.jpg,7,7
data/raw/EuroSAT_RGB/AnnualCrop/AnnualCrop_947.jpg,0,0
data/raw/EuroSAT_RGB/River/River_1969.jpg,8,8
data/raw/EuroSAT_RGB/PermanentCrop/PermanentCrop_54.jpg,6,6
data/raw/EuroSAT_RGB/HerbaceousVegetation/HerbaceousVegetation_2098.jpg,2,1
data/raw/EuroSAT_RGB/PermanentCrop/PermanentCrop_1781.jpg,6,7
data/raw/EuroSAT_RGB/Industrial/Industrial_1472.jpg,4,4
data/raw/EuroSAT_RGB/Pasture/Pasture_1534.jpg,5,1
data/raw/EuroSAT_RGB/SeaLake/SeaLake_1336.jpg,9,1
data/raw/EuroSAT_RGB/Forest/Forest_11.jpg,1,1
data/raw/EuroSAT_RGB/Industrial/Industrial_285.jpg,4,4
data/raw/EuroSAT_RGB/AnnualCrop/AnnualCrop_1826.jpg,0,0
data/raw/EuroSAT_RGB/Forest/Forest_1948.jpg,1,1
data/raw/EuroSAT_RGB/SeaLake/SeaLake_174.jpg,9,1
data/raw/EuroSAT_RGB/Residential/Residential_347.jpg,7,7
data/raw/EuroSAT_RGB/Forest/Forest_746.jpg,1,1
data/raw/EuroSAT_RGB/AnnualCrop/AnnualCrop_2091.jpg,0,0
data/raw/EuroSAT_RGB/Highway/Highway_223.jpg,3,3
data/raw/EuroSAT_RGB/PermanentCrop/PermanentCrop_528.jpg,6,7
data/raw/EuroSAT_RGB/PermanentCrop/PermanentCrop_1560.jpg,6,6
data/raw/EuroSAT_RGB/Industrial/Industrial_2425.jpg,4,4
data/raw/EuroSAT_RGB/Forest/Forest_2796.jpg,1,1
data/raw/EuroSAT_RGB/Pasture/Pasture_1402.jpg,5,1
data/raw/EuroSAT_RGB/AnnualCrop/AnnualCrop_2028.jpg,0,0
data/raw/EuroSAT_RGB/Residential/Residential_1350.jpg,7,7
data/raw/EuroSAT_RGB/PermanentCrop/PermanentCrop_272.jpg,6,6
data/raw/EuroSAT_RGB/AnnualCrop/AnnualCrop_2014.jpg,0,0
data/raw/EuroSAT_RGB/Industrial/Industrial_1356.jpg,4,4
data/raw/EuroSAT_RGB/River/River_2340.jpg,8,8
data/raw/EuroSAT_RGB/River/River_1345.jpg,8,7
data/raw/EuroSAT_RGB/Industrial/Industrial_422.jpg,4,4
data/raw/EuroSAT_RGB/SeaLake/SeaLake_747.jpg,9,1
data/raw/EuroSAT_RGB/Residential/Residential_1512.jpg,7,7
data/raw/EuroSAT_RGB/Forest/Forest_529.jpg,1,1
data/raw/EuroSAT_RGB/HerbaceousVegetation/HerbaceousVegetation_701.jpg,2,7
data/raw/EuroSAT_RGB/Residential/Residential_1947.jpg,7,7
data/raw/EuroSAT_RGB/SeaLake/SeaLake_1878.jpg,9,1
data/raw/EuroSAT_RGB/PermanentCrop/PermanentCrop_1311.jpg,6,7
data/raw/EuroSAT_RGB/Forest/Forest_2801.jpg,1,1
data/raw/EuroSAT_RGB/River/River_1261.jpg,8,8
data/raw/EuroSAT_RGB/PermanentCrop/PermanentCrop_1355.jpg,6,2
data/raw/EuroSAT_RGB/PermanentCrop/PermanentCrop_400.jpg,6,4
data/raw/EuroSAT_RGB/Highway/Highway_844.jpg,3,3
data/raw/EuroSAT_RGB/AnnualCrop/AnnualCrop_560.jpg,0,0
data/raw/EuroSAT_RGB/River/River_362.jpg,8,7
data/raw/EuroSAT_RGB/Residential/Residential_613.jpg,7,7
data/raw/EuroSAT_RGB/Pasture/Pasture_1037.jpg,5,5
data/raw/EuroSAT_RGB/Residential/Residential_631.jpg,7,7
data/raw/EuroSAT_RGB/SeaLake/SeaLake_287.jpg,9,1
data/raw/EuroSAT_RGB/HerbaceousVegetation/HerbaceousVegetation_2505.jpg,2,7
data/raw/EuroSAT_RGB/Forest/Forest_281.jpg,1,1
data/raw/EuroSAT_RGB/Residential/Residential_1592.jpg,7,7
data/raw/EuroSAT_RGB/SeaLake/SeaLake_2823.jpg,9,1
data/raw/EuroSAT_RGB/Highway/Highway_1445.jpg,3,3
data/raw/EuroSAT_RGB/Pasture/Pasture_1758.jpg,5,1
data/raw/EuroSAT_RGB/HerbaceousVegetation/HerbaceousVegetation_70.jpg,2,7
data/raw/EuroSAT_RGB/AnnualCrop/AnnualCrop_1299.jpg,0,7
data/raw/EuroSAT_RGB/SeaLake/SeaLake_2174.jpg,9,1
data/raw/EuroSAT_RGB/PermanentCrop/PermanentCrop_515.jpg,6,6
data/raw/EuroSAT_RGB/Industrial/Industrial_1972.jpg,4,7
data/raw/EuroSAT_RGB/PermanentCrop/PermanentCrop_1461.jpg,6,6
data/raw/EuroSAT_RGB/Residential/Residential_551.jpg,7,7
data/raw/EuroSAT_RGB/HerbaceousVegetation/HerbaceousVegetation_2745.jpg,2,2
data/raw/EuroSAT_RGB/HerbaceousVegetation/HerbaceousVegetation_931.jpg,2,2
data/raw/EuroSAT_RGB/Highway/Highway_1395.jpg,3,3
data/raw/EuroSAT_RGB/Residential/Residential_215.jpg,7,7
data/raw/EuroSAT_RGB/Forest/Forest_497.jpg,1,1
data/raw/EuroSAT_RGB/HerbaceousVegetation/HerbaceousVegetation_1920.jpg,2,7
data/raw/EuroSAT_RGB/AnnualCrop/AnnualCrop_337.jpg,0,0
data/raw/EuroSAT_RGB/PermanentCrop/PermanentCrop_1515.jpg,6,7
data/raw/EuroSAT_RGB/Forest/Forest_1199.jpg,1,1
data/raw/EuroSAT_RGB/River/River_2182.jpg,8,8
data/raw/EuroSAT_RGB/Residential/Residential_898.jpg,7,7
data/raw/EuroSAT_RGB/SeaLake/SeaLake_490.jpg,9,1
data/raw/EuroSAT_RGB/AnnualCrop/AnnualCrop_2549.jpg,0,0
data/raw/EuroSAT_RGB/SeaLake/SeaLake_2216.jpg,9,1
data/raw/EuroSAT_RGB/Forest/Forest_1555.jpg,1,1
data/raw/EuroSAT_RGB/Forest/Forest_1846.jpg,1,1
data/raw/EuroSAT_RGB/Industrial/Industrial_579.jpg,4,4
data/raw/EuroSAT_RGB/PermanentCrop/PermanentCrop_617.jpg,6,6
data/raw/EuroSAT_RGB/Residential/Residential_1370.jpg,7,7
data/raw/EuroSAT_RGB/AnnualCrop/AnnualCrop_1477.jpg,0,1
data/raw/EuroSAT_RGB/Pasture/Pasture_1466.jpg,5,7
data/raw/EuroSAT_RGB/River/River_183.jpg,8,8
data/raw/EuroSAT_RGB/River/River_490.jpg,8,8
data/raw/EuroSAT_RGB/Forest/Forest_50.jpg,1,7
data/raw/EuroSAT_RGB/Forest/Forest_2754.jpg,1,1
data/raw/EuroSAT_RGB/Industrial/Industrial_1606.jpg,4,4
data/raw/EuroSAT_RGB/PermanentCrop/PermanentCrop_1441.jpg,6,6
data/raw/EuroSAT_RGB/Residential/Residential_381.jpg,7,7
data/raw/EuroSAT_RGB/Forest/Forest_2774.jpg,1,1
data/raw/EuroSAT_RGB/SeaLake/SeaLake_1139.jpg,9,1
data/raw/EuroSAT_RGB/Highway/Highway_1278.jpg,3,3
data/raw/EuroSAT_RGB/Forest/Forest_2175.jpg,1,1
data/raw/EuroSAT_RGB/Forest/Forest_2538.jpg,1,1
data/raw/EuroSAT_RGB/Pasture/Pasture_1061.jpg,5,7
data/raw/EuroSAT_RGB/HerbaceousVegetation/HerbaceousVegetation_609.jpg,2,2
data/raw/EuroSAT_RGB/Forest/Forest_2075.jpg,1,1
data/raw/EuroSAT_RGB/SeaLake/SeaLake_2261.jpg,9,1
data/raw/EuroSAT_RGB/HerbaceousVegetation/HerbaceousVegetation_1772.jpg,2,1
data/raw/EuroSAT_RGB/River/River_1187.jpg,8,8
data/raw/EuroSAT_RGB/Forest/Forest_921.jpg,1,1
data/raw/EuroSAT_RGB/HerbaceousVegetation/HerbaceousVegetation_570.jpg,2,7
data/raw/EuroSAT_RGB/Forest/Forest_1444.jpg,1,1
data/raw/EuroSAT_RGB/Highway/Highway_2121.jpg,3,3
data/raw/EuroSAT_RGB/Highway/Highway_45.jpg,3,3
data/raw/EuroSAT_RGB/Pasture/Pasture_1011.jpg,5,5
data/raw/EuroSAT_RGB/PermanentCrop/PermanentCrop_53.jpg,6,6
data/raw/EuroSAT_RGB/Industrial/Industrial_190.jpg,4,4
data/raw/EuroSAT_RGB/AnnualCrop/AnnualCrop_1927.jpg,0,0
data/raw/EuroSAT_RGB/PermanentCrop/PermanentCrop_658.jpg,6,7
data/raw/EuroSAT_RGB/AnnualCrop/AnnualCrop_1002.jpg,0,0
data/raw/EuroSAT_RGB/HerbaceousVegetation/HerbaceousVegetation_695.jpg,2,1
data/raw/EuroSAT_RGB/Industrial/Industrial_1312.jpg,4,4
data/raw/EuroSAT_RGB/SeaLake/SeaLake_2833.jpg,9,1
data/raw/EuroSAT_RGB/HerbaceousVegetation/HerbaceousVegetation_2733.jpg,2,8
data/raw/EuroSAT_RGB/Pasture/Pasture_172.jpg,5,1
data/raw/EuroSAT_RGB/River/River_1446.jpg,8,8
data/raw/EuroSAT_RGB/SeaLake/SeaLake_671.jpg,9,7
data/raw/EuroSAT_RGB/HerbaceousVegetation/HerbaceousVegetation_2337.jpg,2,2
data/raw/EuroSAT_RGB/PermanentCrop/PermanentCrop_570.jpg,6,7
data/raw/EuroSAT_RGB/Residential/Residential_1261.jpg,7,7
data/raw/EuroSAT_RGB/Industrial/Industrial_476.jpg,4,4
data/raw/EuroSAT_RGB/Industrial/Industrial_943.jpg,4,4
data/raw/EuroSAT_RGB/Highway/Highway_2338.jpg,3,3
data/raw/EuroSAT_RGB/Forest/Forest_387.jpg,1,1
data/raw/EuroSAT_RGB/AnnualCrop/AnnualCrop_2112.jpg,0,0
data/raw/EuroSAT_RGB/Pasture/Pasture_547.jpg,5,7
data/raw/EuroSAT_RGB/Highway/Highway_188.jpg,3,7
data/raw/EuroSAT_RGB/Residential/Residential_953.jpg,7,7
data/raw/EuroSAT_RGB/PermanentCrop/PermanentCrop_2033.jpg,6,6
data/raw/EuroSAT_RGB/HerbaceousVegetation/HerbaceousVegetation_1446.jpg,2,2
data/raw/EuroSAT_RGB/AnnualCrop/AnnualCrop_89.jpg,0,0
data/raw/EuroSAT_RGB/Forest/Forest_2093.jpg,1,1
data/raw/EuroSAT_RGB/River/River_135.jpg,8,7
data/raw/EuroSAT_RGB/SeaLake/SeaLake_694.jpg,9,1
data/raw/EuroSAT_RGB/AnnualCrop/AnnualCrop_293.jpg,0,0
data/raw/EuroSAT_RGB/AnnualCrop/AnnualCrop_823.jpg,0,6
data/raw/EuroSAT_RGB/PermanentCrop/PermanentCrop_2461.jpg,6,6
data/raw/EuroSAT_RGB/River/River_78.jpg,8,8
data/raw/EuroSAT_RGB/River/River_1296.jpg,8,8
data/raw/EuroSAT_RGB/Forest/Forest_2112.jpg,1,1
data/raw/EuroSAT_RGB/HerbaceousVegetation/HerbaceousVegetation_859.jpg,2,7
data/raw/EuroSAT_RGB/SeaLake/SeaLake_1704.jpg,9,1
data/raw/EuroSAT_RGB/Pasture/Pasture_1041.jpg,5,1
data/raw/EuroSAT_RGB/SeaLake/SeaLake_1714.jpg,9,1
data/raw/EuroSAT_RGB/SeaLake/SeaLake_1368.jpg,9,7
data/raw/EuroSAT_RGB/Highway/Highway_2112.jpg,3,3
data/raw/EuroSAT_RGB/SeaLake/SeaLake_644.jpg,9,1
data/raw/EuroSAT_RGB/HerbaceousVegetation/HerbaceousVegetation_1410.jpg,2,1
data/raw/EuroSAT_RGB/Residential/Residential_1230.jpg,7,7
data/raw/EuroSAT_RGB/Forest/Forest_2636.jpg,1,1
data/raw/EuroSAT_RGB/Pasture/Pasture_121.jpg,5,1
data/raw/EuroSAT_RGB/SeaLake/SeaLake_2587.jpg,9,1
data/raw/EuroSAT_RGB/Residential/Residential_2241.jpg,7,7
data/raw/EuroSAT_RGB/Industrial/Industrial_30.jpg,4,4
data/raw/EuroSAT_RGB/SeaLake/SeaLake_795.jpg,9,1
data/raw/EuroSAT_RGB/Forest/Forest_2124.jpg,1,1
data/raw/EuroSAT_RGB/Forest/Forest_1104.jpg,1,1
data/raw/EuroSAT_RGB/Residential/Residential_892.jpg,7,7
data/raw/EuroSAT_RGB/HerbaceousVegetation/HerbaceousVegetation_1692.jpg,2,7
data/raw/EuroSAT_RGB/Residential/Residential_2367.jpg,7,7
data/raw/EuroSAT_RGB/Highway/Highway_2267.jpg,3,3
data/raw/EuroSAT_RGB/SeaLake/SeaLake_1629.jpg,9,1
data/raw/EuroSAT_RGB/Forest/Forest_1521.jpg,1,1
data/raw/EuroSAT_RGB/HerbaceousVegetation/HerbaceousVegetation_279.jpg,2,7
data/raw/EuroSAT_RGB/HerbaceousVegetation/HerbaceousVegetation_1793.jpg,2,7
data/raw/EuroSAT_RGB/Forest/Forest_56.jpg,1,1
data/raw/EuroSAT_RGB/River/River_2419.jpg,8,1
data/raw/EuroSAT_RGB/Forest/Forest_2795.jpg,1,7
data/raw/EuroSAT_RGB/SeaLake/SeaLake_2342.jpg,9,7
data/raw/EuroSAT_RGB/SeaLake/SeaLake_1168.jpg,9,1
data/raw/EuroSAT_RGB/Pasture/Pasture_857.jpg,5,1
data/raw/EuroSAT_RGB/Residential/Residential_1102.jpg,7,7
data/raw/EuroSAT_RGB/SeaLake/SeaLake_2128.jpg,9,1
data/raw/EuroSAT_RGB/HerbaceousVegetation/HerbaceousVegetation_1927.jpg,2,1
data/raw/EuroSAT_RGB/SeaLake/SeaLake_10.jpg,9,1
data/raw/EuroSAT_RGB/SeaLake/SeaLake_1547.jpg,9,1
data/raw/EuroSAT_RGB/HerbaceousVegetation/HerbaceousVegetation_1535.jpg,2,1
data/raw/EuroSAT_RGB/Highway/Highway_2281.jpg,3,7
data/raw/EuroSAT_RGB/HerbaceousVegetation/HerbaceousVegetation_2835.jpg,2,1
data/raw/EuroSAT_RGB/Highway/Highway_1980.jpg,3,3
data/raw/EuroSAT_RGB/AnnualCrop/AnnualCrop_2977.jpg,0,6
data/raw/EuroSAT_RGB/PermanentCrop/PermanentCrop_1321.jpg,6,6
data/raw/EuroSAT_RGB/HerbaceousVegetation/HerbaceousVegetation_2960.jpg,2,2
data/raw/EuroSAT_RGB/PermanentCrop/PermanentCrop_1465.jpg,6,6
data/raw/EuroSAT_RGB/Pasture/Pasture_1725.jpg,5,7
data/raw/EuroSAT_RGB/AnnualCrop/AnnualCrop_2320.jpg,0,0
data/raw/EuroSAT_RGB/Residential/Residential_2824.jpg,7,7
data/raw/EuroSAT_RGB/River/River_2248.jpg,8,1
data/raw/EuroSAT_RGB/AnnualCrop/AnnualCrop_879.jpg,0,1
data/raw/EuroSAT_RGB/Pasture/Pasture_689.jpg,5,1
data/raw/EuroSAT_RGB/River/River_527.jpg,8,1
data/raw/EuroSAT_RGB/PermanentCrop/PermanentCrop_345.jpg,6,1
data/raw/EuroSAT_RGB/Highway/Highway_158.jpg,3,3
data/raw/EuroSAT_RGB/Forest/Forest_17.jpg,1,1
data/raw/EuroSAT_RGB/SeaLake/SeaLake_2798.jpg,9,1
data/raw/EuroSAT_RGB/Highway/Highway_1708.jpg,3,3
data/raw/EuroSAT_RGB/River/River_16.jpg,8,1
data/raw/EuroSAT_RGB/AnnualCrop/AnnualCrop_2352.jpg,0,0
data/raw/EuroSAT_RGB/SeaLake/SeaLake_2874.jpg,9,1
data/raw/EuroSAT_RGB/Residential/Residential_790.jpg,7,7
data/raw/EuroSAT_RGB/AnnualCrop/AnnualCrop_1166.jpg,0,6
data/raw/EuroSAT_RGB/Industrial/Industrial_1488.jpg,4,4
data/raw/EuroSAT_RGB/Highway/Highway_274.jpg,3,3
data/raw/EuroSAT_RGB/SeaLake/SeaLake_1070.jpg,9,1
data/raw/EuroSAT_RGB/Industrial/Industrial_934.jpg,4,4
data/raw/EuroSAT_RGB/AnnualCrop/AnnualCrop_1349.jpg,0,0
data/raw/EuroSAT_RGB/Highway/Highway_196.jpg,3,3
data/raw/EuroSAT_RGB/Residential/Residential_1513.jpg,7,7
data/raw/EuroSAT_RGB/AnnualCrop/AnnualCrop_844.jpg,0,6
data/raw/EuroSAT_RGB/AnnualCrop/AnnualCrop_2004.jpg,0,0
data/raw/EuroSAT_RGB/Pasture/Pasture_1163.jpg,5,1
data/raw/EuroSAT_RGB/Residential/Residential_2761.jpg,7,7
data/raw/EuroSAT_RGB/Industrial/Industrial_2153.jpg,4,4
data/raw/EuroSAT_RGB/River/River_796.jpg,8,7
data/raw/EuroSAT_RGB/Forest/Forest_2376.jpg,1,1
data/raw/EuroSAT_RGB/Residential/Residential_2130.jpg,7,7
data/raw/EuroSAT_RGB/Residential/Residential_1424.jpg,7,7
data/raw/EuroSAT_RGB/PermanentCrop/PermanentCrop_575.jpg,6,1
data/raw/EuroSAT_RGB/HerbaceousVegetation/HerbaceousVegetation_484.jpg,2,7
data/raw/EuroSAT_RGB/PermanentCrop/PermanentCrop_1530.jpg,6,7
data/raw/EuroSAT_RGB/AnnualCrop/AnnualCrop_919.jpg,0,1
data/raw/EuroSAT_RGB/Residential/Residential_776.jpg,7,7
data/raw/EuroSAT_RGB/Forest/Forest_2760.jpg,1,1
data/raw/EuroSAT_RGB/Highway/Highway_1194.jpg,3,3
data/raw/EuroSAT_RGB/PermanentCrop/PermanentCrop_1062.jpg,6,6
data/raw/EuroSAT_RGB/HerbaceousVegetation/HerbaceousVegetation_2475.jpg,2,2
data/raw/EuroSAT_RGB/SeaLake/SeaLake_9.jpg,9,1
data/raw/EuroSAT_RGB/AnnualCrop/AnnualCrop_2392.jpg,0,7
data/raw/EuroSAT_RGB/River/River_1753.jpg,8,8
data/raw/EuroSAT_RGB/PermanentCrop/PermanentCrop_2281.jpg,6,6
data/raw/EuroSAT_RGB/Industrial/Industrial_204.jpg,4,4
data/raw/EuroSAT_RGB/Highway/Highway_1501.jpg,3,3
data/raw/EuroSAT_RGB/HerbaceousVegetation/HerbaceousVegetation_1470.jpg,2,1
data/raw/EuroSAT_RGB/Pasture/Pasture_900.jpg,5,1
data/raw/EuroSAT_RGB/River/River_2335.jpg,8,1
data/raw/EuroSAT_RGB/Forest/Forest_730.jpg,1,1
data/raw/EuroSAT_RGB/AnnualCrop/AnnualCrop_1602.jpg,0,0
data/raw/EuroSAT_RGB/HerbaceousVegetation/HerbaceousVegetation_80.jpg,2,2
data/raw/EuroSAT_RGB/PermanentCrop/PermanentCrop_2120.jpg,6,6
data/raw/EuroSAT_RGB/HerbaceousVegetation/HerbaceousVegetation_2131.jpg,2,7
data/raw/EuroSAT_RGB/HerbaceousVegetation/HerbaceousVegetation_2395.jpg,2,2
data/raw/EuroSAT_RGB/SeaLake/SeaLake_710.jpg,9,1
data/raw/EuroSAT_RGB/River/River_569.jpg,8,8
data/raw/EuroSAT_RGB/Residential/Residential_460.jpg,7,7
data/raw/EuroSAT_RGB/Highway/Highway_2282.jpg,3,3
data/raw/EuroSAT_RGB/Highway/Highway_74.jpg,3,7
data/raw/EuroSAT_RGB/Industrial/Industrial_860.jpg,4,4
data/raw/EuroSAT_RGB/River/River_38.jpg,8,8
data/raw/EuroSAT_RGB/Forest/Forest_2102.jpg,1,1
data/raw/EuroSAT_RGB/PermanentCrop/PermanentCrop_1897.jpg,6,4
data/raw/EuroSAT_RGB/River/River_2019.jpg,8,1
data/raw/EuroSAT_RGB/River/River_2094.jpg,8,0
data/raw/EuroSAT_RGB/HerbaceousVegetation/HerbaceousVegetation_2003.jpg,2,1
data/raw/EuroSAT_RGB/PermanentCrop/PermanentCrop_1093.jpg,6,7
data/raw/EuroSAT_RGB/Pasture/Pasture_1433.jpg,5,7
data/raw/EuroSAT_RGB/Forest/Forest_2386.jpg,1,1
data/raw/EuroSAT_RGB/Forest/Forest_511.jpg,1,1
data/raw/EuroSAT_RGB/AnnualCrop/AnnualCrop_1143.jpg,0,0
data/raw/EuroSAT_RGB/Residential/Residential_1129.jpg,7,7
data/raw/EuroSAT_RGB/AnnualCrop/AnnualCrop_1695.jpg,0,0
data/raw/EuroSAT_RGB/HerbaceousVegetation/HerbaceousVegetation_2476.jpg,2,7
data/raw/EuroSAT_RGB/AnnualCrop/AnnualCrop_2669.jpg,0,0
data/raw/EuroSAT_RGB/HerbaceousVegetation/HerbaceousVegetation_416.jpg,2,2
data/raw/EuroSAT_RGB/Forest/Forest_2804.jpg,1,1
data/raw/EuroSAT_RGB/River/River_2413.jpg,8,8
data/raw/EuroSAT_RGB/Forest/Forest_1004.jpg,1,1
data/raw/EuroSAT_RGB/River/River_1713.jpg,8,1
data/raw/EuroSAT_RGB/PermanentCrop/PermanentCrop_1455.jpg,6,6
data/raw/EuroSAT_RGB/PermanentCrop/PermanentCrop_1809.jpg,6,6
data/raw/EuroSAT_RGB/Highway/Highway_306.jpg,3,3
data/raw/EuroSAT_RGB/Forest/Forest_923.jpg,1,1
data/raw/EuroSAT_RGB/SeaLake/SeaLake_1931.jpg,9,1
data/raw/EuroSAT_RGB/Highway/Highway_1757.jpg,3,3
data/raw/EuroSAT_RGB/HerbaceousVegetation/HerbaceousVegetation_1021.jpg,2,7
data/raw/EuroSAT_RGB/Industrial/Industrial_1580.jpg,4,4
data/raw/EuroSAT_RGB/Pasture/Pasture_1786.jpg,5,1
data/raw/EuroSAT_RGB/HerbaceousVegetation/HerbaceousVegetation_1384.jpg,2,7
data/raw/EuroSAT_RGB/SeaLake/SeaLake_2072.jpg,9,1
data/raw/EuroSAT_RGB/PermanentCrop/PermanentCrop_754.jpg,6,7
data/raw/EuroSAT_RGB/Industrial/Industrial_631.jpg,4,4
data/raw/EuroSAT_RGB/Highway/Highway_2362.jpg,3,3
data/raw/EuroSAT_RGB/PermanentCrop/PermanentCrop_1508.jpg,6,1
data/raw/EuroSAT_RGB/PermanentCrop/PermanentCrop_644.jpg,6,7
data/raw/EuroSAT_RGB/Highway/Highway_1933.jpg,3,3
data/raw/EuroSAT_RGB/AnnualCrop/AnnualCrop_1081.jpg,0,0
data/raw/EuroSAT_RGB/Pasture/Pasture_290.jpg,5,7
data/raw/EuroSAT_RGB/AnnualCrop/AnnualCrop_1614.jpg,0,8
data/raw/EuroSAT_RGB/Forest/Forest_1817.jpg,1,1
data/raw/EuroSAT_RGB/Residential/Residential_1561.jpg,7,7
data/raw/EuroSAT_RGB/Forest/Forest_2967.jpg,1,1
data/raw/EuroSAT_RGB/HerbaceousVegetation/HerbaceousVegetation_825.jpg,2,1
data/raw/EuroSAT_RGB/Highway/Highway_502.jpg,3,3
data/raw/EuroSAT_RGB/Forest/Forest_1597.jpg,1,1
data/raw/EuroSAT_RGB/Forest/Forest_1495.jpg,1,1
data/raw/EuroSAT_RGB/SeaLake/SeaLake_1203.jpg,9,1
data/raw/EuroSAT_RGB/PermanentCrop/PermanentCrop_2347.jpg,6,2
data/raw/EuroSAT_RGB/PermanentCrop/PermanentCrop_2236.jpg,6,2
data/raw/EuroSAT_RGB/SeaLake/SeaLake_978.jpg,9,1
data/raw/EuroSAT_RGB/Residential/Residential_1329.jpg,7,7
data/raw/EuroSAT_RGB/HerbaceousVegetation/HerbaceousVegetation_2965.jpg,2,7
data/raw/EuroSAT_RGB/Industrial/Industrial_2335.jpg,4,4
data/raw/EuroSAT_RGB/Forest/Forest_1578.jpg,1,1
data/raw/EuroSAT_RGB/Highway/Highway_685.jpg,3,3
data/raw/EuroSAT_RGB/Forest/Forest_1938.jpg,1,1
data/raw/EuroSAT_RGB/SeaLake/SeaLake_1186.jpg,9,1
data/raw/EuroSAT_RGB/Highway/Highway_2366.jpg,3,3
data/raw/EuroSAT_RGB/Forest/Forest_407.jpg,1,1
data/raw/EuroSAT_RGB/SeaLake/SeaLake_1403.jpg,9,1
data/raw/EuroSAT_RGB/Residential/Residential_1604.jpg,7,7
data/raw/EuroSAT_RGB/AnnualCrop/AnnualCrop_8.jpg,0,1
data/raw/EuroSAT_RGB/PermanentCrop/PermanentCrop_1855.jpg,6,6
data/raw/EuroSAT_RGB/Highway/Highway_1166.jpg,3,3
data/raw/EuroSAT_RGB/River/River_2292.jpg,8,8
data/raw/EuroSAT_RGB/Forest/Forest_2838.jpg,1,1
data/raw/EuroSAT_RGB/SeaLake/SeaLake_1531.jpg,9,1
data/raw/EuroSAT_RGB/Forest/Forest_2111.jpg,1,1
data/raw/EuroSAT_RGB/SeaLake/SeaLake_2909.jpg,9,1
data/raw/EuroSAT_RGB/Forest/Forest_2332.jpg,1,1
data/raw/EuroSAT_RGB/HerbaceousVegetation/HerbaceousVegetation_218.jpg,2,1
data/raw/EuroSAT_RGB/River/River_248.jpg,8,8
data/raw/EuroSAT_RGB/AnnualCrop/AnnualCrop_2345.jpg,0,0
data/raw/EuroSAT_RGB/River/River_2078.jpg,8,1
data/raw/EuroSAT_RGB/PermanentCrop/PermanentCrop_1785.jpg,6,6
data/raw/EuroSAT_RGB/Forest/Forest_80.jpg,1,1
data/raw/EuroSAT_RGB/Industrial/Industrial_298.jpg,4,4
data/raw/EuroSAT_RGB/Highway/Highway_1882.jpg,3,7
data/raw/EuroSAT_RGB/HerbaceousVegetation/HerbaceousVegetation_311.jpg,2,2
data/raw/EuroSAT_RGB/SeaLake/SeaLake_2621.jpg,9,1
data/raw/EuroSAT_RGB/AnnualCrop/AnnualCrop_1873.jpg,0,2
data/raw/EuroSAT_RGB/AnnualCrop/AnnualCrop_1731.jpg,0,1
data/raw/EuroSAT_RGB/Industrial/Industrial_2154.jpg,4,4
data/raw/EuroSAT_RGB/HerbaceousVegetation/HerbaceousVegetation_1582.jpg,2,2
data/raw/EuroSAT_RGB/Forest/Forest_2717.jpg,1,1
data/raw/EuroSAT_RGB/Pasture/Pasture_1582.jpg,5,1
data/raw/EuroSAT_RGB/Residential/Residential_327.jpg,7,7
data/raw/EuroSAT_RGB/Industrial/Industrial_2405.jpg,4,4
data/raw/EuroSAT_RGB/Industrial/Industrial_1258.jpg,4,4
data/raw/EuroSAT_RGB/Forest/Forest_2210.jpg,1,1
data/raw/EuroSAT_RGB/PermanentCrop/PermanentCrop_1271.jpg,6,6
data/raw/EuroSAT_RGB/HerbaceousVegetation/HerbaceousVegetation_35.jpg,2,7
data/raw/EuroSAT_RGB/Forest/Forest_838.jpg,1,1
data/raw/EuroSAT_RGB/HerbaceousVegetation/HerbaceousVegetation_674.jpg,2,1
data/raw/EuroSAT_RGB/Pasture/Pasture_419.jpg,5,1
data/raw/EuroSAT_RGB/Industrial/Industrial_713.jpg,4,4
data/raw/EuroSAT_RGB/Residential/Residential_2859.jpg,7,7
data/raw/EuroSAT_RGB/Residential/Residential_686.jpg,7,7
data/raw/EuroSAT_RGB/Highway/Highway_1378.jpg,3,7
data/raw/EuroSAT_RGB/River/River_1530.jpg,8,1
data/raw/EuroSAT_RGB/Industrial/Industrial_162.jpg,4,4
data/raw/EuroSAT_RGB/PermanentCrop/PermanentCrop_468.jpg,6,6
data/raw/EuroSAT_RGB/Forest/Forest_2421.jpg,1,1
data/raw/EuroSAT_RGB/PermanentCrop/PermanentCrop_488.jpg,6,6
data/raw/EuroSAT_RGB/AnnualCrop/AnnualCrop_2651.jpg,0,0
data/raw/EuroSAT_RGB/HerbaceousVegetation/HerbaceousVegetation_1170.jpg,2,7
data/raw/EuroSAT_RGB/HerbaceousVegetation/HerbaceousVegetation_1527.jpg,2,7
data/raw/EuroSAT_RGB/Forest/Forest_1239.jpg,1,1
data/raw/EuroSAT_RGB/Residential/Residential_630.jpg,7,7
data/raw/EuroSAT_RGB/AnnualCrop/AnnualCrop_1361.jpg,0,0
data/raw/EuroSAT_RGB/HerbaceousVegetation/HerbaceousVegetation_865.jpg,2,1
data/raw/EuroSAT_RGB/Residential/Residential_2556.jpg,7,7
data/raw/EuroSAT_RGB/Highway/Highway_985.jpg,3,3
data/raw/EuroSAT_RGB/Industrial/Industrial_859.jpg,4,4
data/raw/EuroSAT_RGB/SeaLake/SeaLake_1667.jpg,9,1
data/raw/EuroSAT_RGB/Residential/Residential_2310.jpg,7,7
data/raw/EuroSAT_RGB/AnnualCrop/AnnualCrop_1767.jpg,0,0
data/raw/EuroSAT_RGB/Forest/Forest_291.jpg,1,1
data/raw/EuroSAT_RGB/Residential/Residential_2759.jpg,7,7
data/raw/EuroSAT_RGB/HerbaceousVegetation/HerbaceousVegetation_1754.jpg,2,2
data/raw/EuroSAT_RGB/Forest/Forest_2983.jpg,1,1
data/raw/EuroSAT_RGB/Residential/Residential_511.jpg,7,7
data/raw/EuroSAT_RGB/HerbaceousVegetation/HerbaceousVegetation_1566.jpg,2,1
data/raw/EuroSAT_RGB/Highway/Highway_1036.jpg,3,3
data/raw/EuroSAT_RGB/River/River_1000.jpg,8,1
data/raw/EuroSAT_RGB/Industrial/Industrial_451.jpg,4,4
data/raw/EuroSAT_RGB/Forest/Forest_2260.jpg,1,7
data/raw/EuroSAT_RGB/PermanentCrop/PermanentCrop_1242.jpg,6,6
data/raw/EuroSAT_RGB/AnnualCrop/AnnualCrop_210.jpg,0,0
data/raw/EuroSAT_RGB/Pasture/Pasture_891.jpg,5,1
data/raw/EuroSAT_RGB/Forest/Forest_2533.jpg,1,1
data/raw/EuroSAT_RGB/Highway/Highway_987.jpg,3,7
data/raw/EuroSAT_RGB/PermanentCrop/PermanentCrop_1481.jpg,6,6
data/raw/EuroSAT_RGB/Highway/Highway_1129.jpg,3,3
data/raw/EuroSAT_RGB/Industrial/Industrial_931.jpg,4,4
data/raw/EuroSAT_RGB/AnnualCrop/AnnualCrop_2049.jpg,0,0
data/raw/EuroSAT_RGB/Highway/Highway_2427.jpg,3,3
data/raw/EuroSAT_RGB/Residential/Residential_1774.jpg,7,7
data/raw/EuroSAT_RGB/Highway/Highway_1165.jpg,3,3
data/raw/EuroSAT_RGB/Residential/Residential_1880.jpg,7,7
data/raw/EuroSAT_RGB/Forest/Forest_1874.jpg,1,1
data/raw/EuroSAT_RGB/Highway/Highway_2159.jpg,3,3
data/raw/EuroSAT_RGB/Pasture/Pasture_216.jpg,5,5
data/raw/EuroSAT_RGB/HerbaceousVegetation/HerbaceousVegetation_1571.jpg,2,1
data/raw/EuroSAT_RGB/River/River_575.jpg,8,8
data/raw/EuroSAT_RGB/Residential/Residential_152.jpg,7,7
data/raw/EuroSAT_RGB/Forest/Forest_1598.jpg,1,1
data/raw/EuroSAT_RGB/Forest/Forest_1154.jpg,1,1
data/raw/EuroSAT_RGB/PermanentCrop/PermanentCrop_1563.jpg,6,6
data/raw/EuroSAT_RGB/Residential/Residential_383.jpg,7,7
data/raw/EuroSAT_RGB/Forest/Forest_2433.jpg,1,1
data/raw/EuroSAT_RGB/PermanentCrop/PermanentCrop_898.jpg,6,6
data/raw/EuroSAT_RGB/Residential/Residential_2113.jpg,7,7
data/raw/EuroSAT_RGB/PermanentCrop/PermanentCrop_2034.jpg,6,7
data/raw/EuroSAT_RGB/Pasture/Pasture_1658.jpg,5,1
data/raw/EuroSAT_RGB/SeaLake/SeaLake_1622.jpg,9,1
data/raw/EuroSAT_RGB/Highway/Highway_2222.jpg,3,3
data/raw/EuroSAT_RGB/Industrial/Industrial_498.jpg,4,4
data/raw/EuroSAT_RGB/Highway/Highway_2288.jpg,3,3
data/raw/EuroSAT_RGB/HerbaceousVegetation/HerbaceousVegetation_1172.jpg,2,1
data/raw/EuroSAT_RGB/River/River_1230.jpg,8,8
data/raw/EuroSAT_RGB/AnnualCrop/AnnualCrop_306.jpg,0,6
data/raw/EuroSAT_RGB/River/River_2097.jpg,8,8
data/raw/EuroSAT_RGB/Forest/Forest_1566.jpg,1,1
data/raw/EuroSAT_RGB/PermanentCrop/PermanentCrop_1618.jpg,6,6
data/raw/EuroSAT_RGB/Industrial/Industrial_960.jpg,4,4
data/raw/EuroSAT_RGB/Industrial/Industrial_1754.jpg,4,4
data/raw/EuroSAT_RGB/Residential/Residential_386.jpg,7,7
data/raw/EuroSAT_RGB/Pasture/Pasture_1022.jpg,5,1
data/raw/EuroSAT_RGB/Forest/Forest_2270.jpg,1,1
data/raw/EuroSAT_RGB/Industrial/Industrial_2072.jpg,4,4
data/raw/EuroSAT_RGB/River/River_693.jpg,8,8
data/raw/EuroSAT_RGB/HerbaceousVegetation/HerbaceousVegetation_798.jpg,2,2
data/raw/EuroSAT_RGB/Highway/Highway_412.jpg,3,7
data/raw/EuroSAT_RGB/Highway/Highway_319.jpg,3,7
data/raw/EuroSAT_RGB/Forest/Forest_415.jpg,1,1
data/raw/EuroSAT_RGB/Residential/Residential_1453.jpg,7,7
data/raw/EuroSAT_RGB/SeaLake/SeaLake_2730.jpg,9,1
data/raw/EuroSAT_RGB/River/River_1981.jpg,8,3
data/raw/EuroSAT_RGB/Forest/Forest_2020.jpg,1,1
data/raw/EuroSAT_RGB/PermanentCrop/PermanentCrop_775.jpg,6,6
data/raw/EuroSAT_RGB/SeaLake/SeaLake_465.jpg,9,7
data/raw/EuroSAT_RGB/SeaLake/SeaLake_2806.jpg,9,1
data/raw/EuroSAT_RGB/Residential/Residential_2387.jpg,7,7
data/raw/EuroSAT_RGB/AnnualCrop/AnnualCrop_392.jpg,0,0
data/raw/EuroSAT_RGB/Highway/Highway_912.jpg,3,3
data/raw/EuroSAT_RGB/SeaLake/SeaLake_1712.jpg,9,1
data/raw/EuroSAT_RGB/AnnualCrop/AnnualCrop_1541.jpg,0,2
data/raw/EuroSAT_RGB/Pasture/Pasture_579.jpg,5,1
data/raw/EuroSAT_RGB/Forest/Forest_2029.jpg,1,1
data/raw/EuroSAT_RGB/Pasture/Pasture_1446.jpg,5,1
data/raw/EuroSAT_RGB/Highway/Highway_167.jpg,3,7
data/raw/EuroSAT_RGB/SeaLake/SeaLake_61.jpg,9,1
data/raw/EuroSAT_RGB/Highway/Highway_2019.jpg,3,3
data/raw/EuroSAT_RGB/HerbaceousVegetation/HerbaceousVegetation_2354.jpg,2,2
data/raw/EuroSAT_RGB/Industrial/Industrial_256.jpg,4,7
data/raw/EuroSAT_RGB/Pasture/Pasture_458.jpg,5,1
data/raw/EuroSAT_RGB/Forest/Forest_31.jpg,1,1
data/raw/EuroSAT_RGB/PermanentCrop/PermanentCrop_846.jpg,6,6
data/raw/EuroSAT_RGB/Highway/Highway_369.jpg,3,3
data/raw/EuroSAT_RGB/River/River_869.jpg,8,8
data/raw/EuroSAT_RGB/Forest/Forest_47.jpg,1,1
data/raw/EuroSAT_RGB/Residential/Residential_2541.jpg,7,7
data/raw/EuroSAT_RGB/Pasture/Pasture_1899.jpg,5,1
data/raw/EuroSAT_RGB/Forest/Forest_2090.jpg,1,1
data/raw/EuroSAT_RGB/Forest/Forest_1425.jpg,1,1
data/raw/EuroSAT_RGB/SeaLake/SeaLake_1206.jpg,9,1
data/raw/EuroSAT_RGB/Residential/Residential_2168.jpg,7,7
data/raw/EuroSAT_RGB/Pasture/Pasture_133.jpg,5,7
data/raw/EuroSAT_RGB/River/River_1903.jpg,8,1
data/raw/EuroSAT_RGB/Industrial/Industrial_1051.jpg,4,4
data/raw/EuroSAT_RGB/Residential/Residential_1581.jpg,7,7
data/raw/EuroSAT_RGB/HerbaceousVegetation/HerbaceousVegetation_1202.jpg,2,7
data/raw/EuroSAT_RGB/SeaLake/SeaLake_197.jpg,9,1
data/raw/EuroSAT_RGB/Pasture/Pasture_1625.jpg,5,7
data/raw/EuroSAT_RGB/Forest/Forest_118.jpg,1,1
data/raw/EuroSAT_RGB/River/River_723.jpg,8,8
data/raw/EuroSAT_RGB/Pasture/Pasture_363.jpg,5,1
data/raw/EuroSAT_RGB/Highway/Highway_423.jpg,3,3
data/raw/EuroSAT_RGB/River/River_276.jpg,8,1
data/raw/EuroSAT_RGB/River/River_1729.jpg,8,8
data/raw/EuroSAT_RGB/Forest/Forest_541.jpg,1,1
data/raw/EuroSAT_RGB/Forest/Forest_2596.jpg,1,1
data/raw/EuroSAT_RGB/SeaLake/SeaLake_2807.jpg,9,1
data/raw/EuroSAT_RGB/SeaLake/SeaLake_2974.jpg,9,1
data/raw/EuroSAT_RGB/Residential/Residential_2619.jpg,7,7
data/raw/EuroSAT_RGB/PermanentCrop/PermanentCrop_2052.jpg,6,6
data/raw/EuroSAT_RGB/SeaLake/SeaLake_1018.jpg,9,1
data/raw/EuroSAT_RGB/Forest/Forest_1781.jpg,1,1
data/raw/EuroSAT_RGB/Forest/Forest_2362.jpg,1,1
data/raw/EuroSAT_RGB/HerbaceousVegetation/HerbaceousVegetation_2175.jpg,2,2
data/raw/EuroSAT_RGB/SeaLake/SeaLake_115.jpg,9,1
data/raw/EuroSAT_RGB/Highway/Highway_1805.jpg,3,7
data/raw/EuroSAT_RGB/River/River_1110.jpg,8,8
data/raw/EuroSAT_RGB/SeaLake/SeaLake_1113.jpg,9,1
data/raw/EuroSAT_RGB/SeaLake/SeaLake_494.jpg,9,1
data/raw/EuroSAT_RGB/River/River_938.jpg,8,8
data/raw/EuroSAT_RGB/Residential/Residential_818.jpg,7,7
data/raw/EuroSAT_RGB/River/River_758.jpg,8,1
data/raw/EuroSAT_RGB/Pasture/Pasture_1332.jpg,5,1
data/raw/EuroSAT_RGB/Residential/Residential_2620.jpg,7,7
data/raw/EuroSAT_RGB/Residential/Residential_1385.jpg,7,7
data/raw/EuroSAT_RGB/River/River_255.jpg,8,8
data/raw/EuroSAT_RGB/HerbaceousVegetation/HerbaceousVegetation_1508.jpg,2,7
data/raw/EuroSAT_RGB/Pasture/Pasture_1349.jpg,5,1
data/raw/EuroSAT_RGB/PermanentCrop/PermanentCrop_1579.jpg,6,6
data/raw/EuroSAT_RGB/SeaLake/SeaLake_1583.jpg,9,1
data/raw/EuroSAT_RGB/River/River_1798.jpg,8,1
data/raw/EuroSAT_RGB/Pasture/Pasture_257.jpg,5,5
data/raw/EuroSAT_RGB/SeaLake/SeaLake_195.jpg,9,7
data/raw/EuroSAT_RGB/Highway/Highway_2091.jpg,3,3
data/raw/EuroSAT_RGB/HerbaceousVegetation/HerbaceousVegetation_2070.jpg,2,1
data/raw/EuroSAT_RGB/Highway/Highway_1239.jpg,3,3
data/raw/EuroSAT_RGB/HerbaceousVegetation/HerbaceousVegetation_2121.jpg,2,2
data/raw/EuroSAT_RGB/Residential/Residential_2720.jpg,7,7
data/raw/EuroSAT_RGB/AnnualCrop/AnnualCrop_1203.jpg,0,0
data/raw/EuroSAT_RGB/Residential/Residential_1643.jpg,7,7
data/raw/EuroSAT_RGB/PermanentCrop/PermanentCrop_1328.jpg,6,2
data/raw/EuroSAT_RGB/Forest/Forest_289.jpg,1,1
data/raw/EuroSAT_RGB/Industrial/Industrial_1287.jpg,4,4
data/raw/EuroSAT_RGB/HerbaceousVegetation/HerbaceousVegetation_272.jpg,2,2
data/raw/EuroSAT_RGB/Forest/Forest_899.jpg,1,1
data/raw/EuroSAT_RGB/Pasture/Pasture_1148.jpg,5,1
data/raw/EuroSAT_RGB/PermanentCrop/PermanentCrop_477.jpg,6,2
data/raw/EuroSAT_RGB/Highway/Highway_1603.jpg,3,3
data/raw/EuroSAT_RGB/SeaLake/SeaLake_1296.jpg,9,1
data/raw/EuroSAT_RGB/Residential/Residential_1414.jpg,7,7
data/raw/EuroSAT_RGB/AnnualCrop/AnnualCrop_502.jpg,0,0
data/raw/EuroSAT_RGB/HerbaceousVegetation/HerbaceousVegetation_2584.jpg,2,1
data/raw/EuroSAT_RGB/HerbaceousVegetation/HerbaceousVegetation_2534.jpg,2,7
data/raw/EuroSAT_RGB/HerbaceousVegetation/HerbaceousVegetation_2397.jpg,2,1
data/raw/EuroSAT_RGB/SeaLake/SeaLake_2918.jpg,9,1
data/raw/EuroSAT_RGB/Pasture/Pasture_572.jpg,5,5
data/raw/EuroSAT_RGB/Forest/Forest_2663.jpg,1,1
data/raw/EuroSAT_RGB/Industrial/Industrial_581.jpg,4,4
data/raw/EuroSAT_RGB/River/River_806.jpg,8,7
data/raw/EuroSAT_RGB/HerbaceousVegetation/HerbaceousVegetation_2142.jpg,2,2
data/raw/EuroSAT_RGB/Residential/Residential_72.jpg,7,7
data/raw/EuroSAT_RGB/Industrial/Industrial_574.jpg,4,4
data/raw/EuroSAT_RGB/PermanentCrop/PermanentCrop_1430.jpg,6,6
data/raw/EuroSAT_RGB/PermanentCrop/PermanentCrop_2011.jpg,6,7
data/raw/EuroSAT_RGB/Residential/Residential_2650.jpg,7,7
data/raw/EuroSAT_RGB/Highway/Highway_2220.jpg,3,3
data/raw/EuroSAT_RGB/Forest/Forest_2783.jpg,1,1
data/raw/EuroSAT_RGB/Residential/Residential_659.jpg,7,7
data/raw/EuroSAT_RGB/SeaLake/SeaLake_1214.jpg,9,1
data/raw/EuroSAT_RGB/HerbaceousVegetation/HerbaceousVegetation_173.jpg,2,7
data/raw/EuroSAT_RGB/HerbaceousVegetation/HerbaceousVegetation_1197.jpg,2,7
data/raw/EuroSAT_RGB/Highway/Highway_1303.jpg,3,7
data/raw/EuroSAT_RGB/HerbaceousVegetation/HerbaceousVegetation_2664.jpg,2,7
data/raw/EuroSAT_RGB/Industrial/Industrial_2042.jpg,4,4
data/raw/EuroSAT_RGB/Pasture/Pasture_977.jpg,5,1
data/raw/EuroSAT_RGB/SeaLake/SeaLake_1237.jpg,9,1
data/raw/EuroSAT_RGB/PermanentCrop/PermanentCrop_1130.jpg,6,7
data/raw/EuroSAT_RGB/SeaLake/SeaLake_303.jpg,9,1
data/raw/EuroSAT_RGB/Residential/Residential_873.jpg,7,7
data/raw/EuroSAT_RGB/Industrial/Industrial_624.jpg,4,4
data/raw/EuroSAT_RGB/River/River_173.jpg,8,7
data/raw/EuroSAT_RGB/Residential/Residential_913.jpg,7,7
data/raw/EuroSAT_RGB/Forest/Forest_2557.jpg,1,1
data/raw/EuroSAT_RGB/Highway/Highway_150.jpg,3,3
data/raw/EuroSAT_RGB/Residential/Residential_910.jpg,7,7
data/raw/EuroSAT_RGB/Pasture/Pasture_1316.jpg,5,7
data/raw/EuroSAT_RGB/Forest/Forest_600.jpg,1,1
data/raw/EuroSAT_RGB/AnnualCrop/AnnualCrop_2244.jpg,0,1
data/raw/EuroSAT_RGB/Residential/Residential_1590.jpg,7,7
data/raw/EuroSAT_RGB/HerbaceousVegetation/HerbaceousVegetation_1493.jpg,2,1
data/raw/EuroSAT_RGB/SeaLake/SeaLake_1911.jpg,9,1
data/raw/EuroSAT_RGB/PermanentCrop/PermanentCrop_341.jpg,6,7
data/raw/EuroSAT_RGB/Highway/Highway_406.jpg,3,3
data/raw/EuroSAT_RGB/Industrial/Industrial_1663.jpg,4,4
data/raw/EuroSAT_RGB/HerbaceousVegetation/HerbaceousVegetation_1620.jpg,2,7
data/raw/EuroSAT_RGB/SeaLake/SeaLake_1708.jpg,9,1
data/raw/EuroSAT_RGB/AnnualCrop/AnnualCrop_1916.jpg,0,1
data/raw/EuroSAT_RGB/HerbaceousVegetation/HerbaceousVegetation_1407.jpg,2,7
data/raw/EuroSAT_RGB/Forest/Forest_2909.jpg,1,7
data/raw/EuroSAT_RGB/Pasture/Pasture_169.jpg,5,7
data/raw/EuroSAT_RGB/Forest/Forest_1402.jpg,1,1
data/raw/EuroSAT_RGB/HerbaceousVegetation/HerbaceousVegetation_1932.jpg,2,2
data/raw/EuroSAT_RGB/SeaLake/SeaLake_624.jpg,9,1
data/raw/EuroSAT_RGB/AnnualCrop/AnnualCrop_1827.jpg,0,0
data/raw/EuroSAT_RGB/Industrial/Industrial_2149.jpg,4,4
data/raw/EuroSAT_RGB/Highway/Highway_849.jpg,3,3
data/raw/EuroSAT_RGB/PermanentCrop/PermanentCrop_2388.jpg,6,6
data/raw/EuroSAT_RGB/Highway/Highway_2296.jpg,3,3
data/raw/EuroSAT_RGB/Highway/Highway_128.jpg,3,3
data/raw/EuroSAT_RGB/Industrial/Industrial_1380.jpg,4,4
data/raw/EuroSAT_RGB/SeaLake/SeaLake_608.jpg,9,1
data/raw/EuroSAT_RGB/PermanentCrop/PermanentCrop_547.jpg,6,6
data/raw/EuroSAT_RGB/River/River_253.jpg,8,8
data/raw/EuroSAT_RGB/Industrial/Industrial_2300.jpg,4,4
data/raw/EuroSAT_RGB/Highway/Highway_2246.jpg,3,3
data/raw/EuroSAT_RGB/PermanentCrop/PermanentCrop_1599.jpg,6,7
data/raw/EuroSAT_RGB/Residential/Residential_2932.jpg,7,7
data/raw/EuroSAT_RGB/HerbaceousVegetation/HerbaceousVegetation_1052.jpg,2,7
data/raw/EuroSAT_RGB/SeaLake/SeaLake_675.jpg,9,1
data/raw/EuroSAT_RGB/PermanentCrop/PermanentCrop_2215.jpg,6,6
data/raw/EuroSAT_RGB/Forest/Forest_1758.jpg,1,1
data/raw/EuroSAT_RGB/Pasture/Pasture_222.jpg,5,1
data/raw/EuroSAT_RGB/Forest/Forest_2969.jpg,1,1
data/raw/EuroSAT_RGB/Forest/Forest_2339.jpg,1,1
data/raw/EuroSAT_RGB/Forest/Forest_2594.jpg,1,1
data/raw/EuroSAT_RGB/River/River_1675.jpg,8,8
data/raw/EuroSAT_RGB/AnnualCrop/AnnualCrop_534.jpg,0,0
data/raw/EuroSAT_RGB/River/River_1049.jpg,8,8
data/raw/EuroSAT_RGB/Pasture/Pasture_1779.jpg,5,1
data/raw/EuroSAT_RGB/Pasture/Pasture_1796.jpg,5,7
data/raw/EuroSAT_RGB/Forest/Forest_815.jpg,1,1
data/raw/EuroSAT_RGB/River/River_1099.jpg,8,7
data/raw/EuroSAT_RGB/River/River_227.jpg,8,1
data/raw/EuroSAT_RGB/HerbaceousVegetation/HerbaceousVegetation_2920.jpg,2,1
data/raw/EuroSAT_RGB/PermanentCrop/PermanentCrop_1860.jpg,6,6
data/raw/EuroSAT_RGB/AnnualCrop/AnnualCrop_79.jpg,0,7
data/raw/EuroSAT_RGB/Forest/Forest_430.jpg,1,1
data/raw/EuroSAT_RGB/AnnualCrop/AnnualCrop_2980.jpg,0,0
data/raw/EuroSAT_RGB/Industrial/Industrial_2459.jpg,4,4
data/raw/EuroSAT_RGB/PermanentCrop/PermanentCrop_1587.jpg,6,6
data/raw/EuroSAT_RGB/Industrial/Industrial_500.jpg,4,4
data/raw/EuroSAT_RGB/Industrial/Industrial_1496.jpg,4,4
data/raw/EuroSAT_RGB/Pasture/Pasture_924.jpg,5,1
data/raw/EuroSAT_RGB/Residential/Residential_272.jpg,7,7
data/raw/EuroSAT_RGB/Industrial/Industrial_435.jpg,4,7
data/raw/EuroSAT_RGB/AnnualCrop/AnnualCrop_2748.jpg,0,0
data/raw/EuroSAT_RGB/Highway/Highway_2448.jpg,3,3
data/raw/EuroSAT_RGB/Pasture/Pasture_200.jpg,5,7
data/raw/EuroSAT_RGB/AnnualCrop/AnnualCrop_600.jpg,0,0
data/raw/EuroSAT_RGB/SeaLake/SeaLake_95.jpg,9,1
data/raw/EuroSAT_RGB/HerbaceousVegetation/HerbaceousVegetation_450.jpg,2,7
data/raw/EuroSAT_RGB/PermanentCrop/PermanentCrop_679.jpg,6,7
data/raw/EuroSAT_RGB/Pasture/Pasture_1954.jpg,5,1
data/raw/EuroSAT_RGB/River/River_823.jpg,8,8
data/raw/EuroSAT_RGB/Pasture/Pasture_86.jpg,5,1
data/raw/EuroSAT_RGB/HerbaceousVegetation/HerbaceousVegetation_2220.jpg,2,1
data/raw/EuroSAT_RGB/Forest/Forest_1861.jpg,1,1
data/raw/EuroSAT_RGB/Forest/Forest_687.jpg,1,1
data/raw/EuroSAT_RGB/River/River_1521.jpg,8,1
data/raw/EuroSAT_RGB/Highway/Highway_715.jpg,3,3
data/raw/EuroSAT_RGB/Highway/Highway_919.jpg,3,3
data/raw/EuroSAT_RGB/HerbaceousVegetation/HerbaceousVegetation_1548.jpg,2,2
data/raw/EuroSAT_RGB/Forest/Forest_2358.jpg,1,1
data/raw/EuroSAT_RGB/River/River_2440.jpg,8,7
data/raw/EuroSAT_RGB/Forest/Forest_1964.jpg,1,1
data/raw/EuroSAT_RGB/Industrial/Industrial_1869.jpg,4,4
data/raw/EuroSAT_RGB/Industrial/Industrial_1507.jpg,4,4
data/raw/EuroSAT_RGB/Residential/Residential_2123.jpg,7,7
data/raw/EuroSAT_RGB/AnnualCrop/AnnualCrop_2216.jpg,0,1
data/raw/EuroSAT_RGB/Highway/Highway_1778.jpg,3,7
data/raw/EuroSAT_RGB/HerbaceousVegetation/HerbaceousVegetation_2670.jpg,2,7
data/raw/EuroSAT_RGB/AnnualCrop/AnnualCrop_1741.jpg,0,0
data/raw/EuroSAT_RGB/Forest/Forest_29.jpg,1,1
data/raw/EuroSAT_RGB/PermanentCrop/PermanentCrop_685.jpg,6,6
data/raw/EuroSAT_RGB/Forest/Forest_1947.jpg,1,1
data/raw/EuroSAT_RGB/Industrial/Industrial_389.jpg,4,4
data/raw/EuroSAT_RGB/Forest/Forest_2374.jpg,1,1
data/raw/EuroSAT_RGB/Highway/Highway_710.jpg,3,3
data/raw/EuroSAT_RGB/HerbaceousVegetation/HerbaceousVegetation_2407.jpg,2,7
data/raw/EuroSAT_RGB/Forest/Forest_44.jpg,1,1
data/raw/EuroSAT_RGB/Forest/Forest_2244.jpg,1,1
data/raw/EuroSAT_RGB/Residential/Residential_675.jpg,7,7
data/raw/EuroSAT_RGB/Forest/Forest_833.jpg,1,1
data/raw/EuroSAT_RGB/HerbaceousVegetation/HerbaceousVegetation_142.jpg,2,2
data/raw/EuroSAT_RGB/Highway/Highway_1911.jpg,3,3
data/raw/EuroSAT_RGB/Forest/Forest_269.jpg,1,1
data/raw/EuroSAT_RGB/Industrial/Industrial_2500.jpg,4,4
data/raw/EuroSAT_RGB/Industrial/Industrial_1631.jpg,4,7
data/raw/EuroSAT_RGB/SeaLake/SeaLake_2133.jpg,9,7
data/raw/EuroSAT_RGB/Highway/Highway_183.jpg,3,3
data/raw/EuroSAT_RGB/Residential/Residential_1706.jpg,7,7
data/raw/EuroSAT_RGB/HerbaceousVegetation/HerbaceousVegetation_1619.jpg,2,1
data/raw/EuroSAT_RGB/River/River_1259.jpg,8,8
data/raw/EuroSAT_RGB/Industrial/Industrial_1187.jpg,4,4
data/raw/EuroSAT_RGB/River/River_271.jpg,8,8
data/raw/EuroSAT_RGB/SeaLake/SeaLake_1490.jpg,9,1
data/raw/EuroSAT_RGB/River/River_333.jpg,8,8
data/raw/EuroSAT_RGB/SeaLake/SeaLake_2422.jpg,9,1
data/raw/EuroSAT_RGB/HerbaceousVegetation/HerbaceousVegetation_1097.jpg,2,7
data/raw/EuroSAT_RGB/SeaLake/SeaLake_63.jpg,9,1
data/raw/EuroSAT_RGB/Highway/Highway_1870.jpg,3,3
data/raw/EuroSAT_RGB/SeaLake/SeaLake_1952.jpg,9,1
data/raw/EuroSAT_RGB/HerbaceousVegetation/HerbaceousVegetation_597.jpg,2,7
data/raw/EuroSAT_RGB/Industrial/Industrial_1761.jpg,4,4
data/raw/EuroSAT_RGB/Forest/Forest_519.jpg,1,1
data/raw/EuroSAT_RGB/Residential/Residential_1098.jpg,7,7
data/raw/EuroSAT_RGB/SeaLake/SeaLake_2864.jpg,9,1
data/raw/EuroSAT_RGB/AnnualCrop/AnnualCrop_1990.jpg,0,6
data/raw/EuroSAT_RGB/Residential/Residential_2478.jpg,7,7
data/raw/EuroSAT_RGB/SeaLake/SeaLake_1663.jpg,9,1
data/raw/EuroSAT_RGB/Forest/Forest_2427.jpg,1,1
data/raw/EuroSAT_RGB/Highway/Highway_942.jpg,3,3
data/raw/EuroSAT_RGB/Highway/Highway_2250.jpg,3,3
data/raw/EuroSAT_RGB/Highway/Highway_431.jpg,3,3
data/raw/EuroSAT_RGB/Industrial/Industrial_70.jpg,4,4
data/raw/EuroSAT_RGB/PermanentCrop/PermanentCrop_1730.jpg,6,7
data/raw/EuroSAT_RGB/Forest/Forest_1376.jpg,1,1
data/raw/EuroSAT_RGB/AnnualCrop/AnnualCrop_2726.jpg,0,0
data/raw/EuroSAT_RGB/PermanentCrop/PermanentCrop_899.jpg,6,7
data/raw/EuroSAT_RGB/River/River_269.jpg,8,8
data/raw/EuroSAT_RGB/River/River_1302.jpg,8,7
data/raw/EuroSAT_RGB/Highway/Highway_1728.jpg,3,3
data/raw/EuroSAT_RGB/SeaLake/SeaLake_196.jpg,9,1
data/raw/EuroSAT_RGB/River/River_505.jpg,8,8
data/raw/EuroSAT_RGB/Industrial/Industrial_1638.jpg,4,4
data/raw/EuroSAT_RGB/AnnualCrop/AnnualCrop_893.jpg,0,0
data/raw/EuroSAT_RGB/Industrial/Industrial_1987.jpg,4,4
data/raw/EuroSAT_RGB/SeaLake/SeaLake_2929.jpg,9,1
data/raw/EuroSAT_RGB/AnnualCrop/AnnualCrop_1857.jpg,0,0
data/raw/EuroSAT_RGB/Industrial/Industrial_1362.jpg,4,4
data/raw/EuroSAT_RGB/Highway/Highway_800.jpg,3,3
data/raw/EuroSAT_RGB/HerbaceousVegetation/HerbaceousVegetation_616.jpg,2,7
data/raw/EuroSAT_RGB/Residential/Residential_1456.jpg,7,7
data/raw/EuroSAT_RGB/PermanentCrop/PermanentCrop_2423.jpg,6,1
data/raw/EuroSAT_RGB/River/River_936.jpg,8,1
data/raw/EuroSAT_RGB/River/River_1260.jpg,8,8
data/raw/EuroSAT_RGB/Pasture/Pasture_1759.jpg,5,1
data/raw/EuroSAT_RGB/River/River_792.jpg,8,8
data/raw/EuroSAT_RGB/AnnualCrop/AnnualCrop_2849.jpg,0,0
data/raw/EuroSAT_RGB/Forest/Forest_822.jpg,1,1
data/raw/EuroSAT_RGB/Pasture/Pasture_1344.jpg,5,1
data/raw/EuroSAT_RGB/River/River_1351.jpg,8,1
data/raw/EuroSAT_RGB/Residential/Residential_2967.jpg,7,7
data/raw/EuroSAT_RGB/HerbaceousVegetation/HerbaceousVegetation_2601.jpg,2,7
data/raw/EuroSAT_RGB/Highway/Highway_9.jpg,3,3
data/raw/EuroSAT_RGB/HerbaceousVegetation/HerbaceousVegetation_733.jpg,2,2
data/raw/EuroSAT_RGB/Pasture/Pasture_316.jpg,5,7
data/raw/EuroSAT_RGB/Residential/Residential_14.jpg,7,7
data/raw/EuroSAT_RGB/Industrial/Industrial_2193.jpg,4,4
data/raw/EuroSAT_RGB/HerbaceousVegetation/HerbaceousVegetation_2358.jpg,2,7
data/raw/EuroSAT_RGB/River/River_1090.jpg,8,8
data/raw/EuroSAT_RGB/Forest/Forest_2646.jpg,1,1
data/raw/EuroSAT_RGB/Pasture/Pasture_1993.jpg,5,7
data/raw/EuroSAT_RGB/Residential/Residential_2978.jpg,7,7
data/raw/EuroSAT_RGB/SeaLake/SeaLake_2276.jpg,9,1
data/raw/EuroSAT_RGB/SeaLake/SeaLake_2318.jpg,9,1
data/raw/EuroSAT_RGB/Residential/Residential_1503.jpg,7,7
data/raw/EuroSAT_RGB/Pasture/Pasture_505.jpg,5,7
data/raw/EuroSAT_RGB/Industrial/Industrial_510.jpg,4,4
data/raw/EuroSAT_RGB/Pasture/Pasture_710.jpg,5,1
data/raw/EuroSAT_RGB/Industrial/Industrial_1460.jpg,4,4
data/raw/EuroSAT_RGB/PermanentCrop/PermanentCrop_1487.jpg,6,7
data/raw/EuroSAT_RGB/Highway/Highway_417.jpg,3,3
data/raw/EuroSAT_RGB/SeaLake/SeaLake_357.jpg,9,1
data/raw/EuroSAT_RGB/AnnualCrop/AnnualCrop_625.jpg,0,1
data/raw/EuroSAT_RGB/HerbaceousVegetation/HerbaceousVegetation_401.jpg,2,7
data/raw/EuroSAT_RGB/AnnualCrop/AnnualCrop_2421.jpg,0,6
data/raw/EuroSAT_RGB/SeaLake/SeaLake_2182.jpg,9,7
data/raw/EuroSAT_RGB/Residential/Residential_1612.jpg,7,7
data/raw/EuroSAT_RGB/Residential/Residential_20.jpg,7,7
data/raw/EuroSAT_RGB/SeaLake/SeaLake_2784.jpg,9,1
data/raw/EuroSAT_RGB/AnnualCrop/AnnualCrop_87.jpg,0,0
data/raw/EuroSAT_RGB/SeaLake/SeaLake_1302.jpg,9,7
data/raw/EuroSAT_RGB/HerbaceousVegetation/HerbaceousVegetation_1865.jpg,2,7
data/raw/EuroSAT_RGB/Highway/Highway_1108.jpg,3,3
data/raw/EuroSAT_RGB/River/River_1750.jpg,8,8
data/raw/EuroSAT_RGB/Forest/Forest_1421.jpg,1,1
data/raw/EuroSAT_RGB/Forest/Forest_1901.jpg,1,1
data/raw/EuroSAT_RGB/River/River_427.jpg,8,1
data/raw/EuroSAT_RGB/River/River_1782.jpg,8,7
data/raw/EuroSAT_RGB/Residential/Residential_674.jpg,7,7
data/raw/EuroSAT_RGB/HerbaceousVegetation/HerbaceousVegetation_1586.jpg,2,2
data/raw/EuroSAT_RGB/Industrial/Industrial_149.jpg,4,4
data/raw/EuroSAT_RGB/Pasture/Pasture_1721.jpg,5,1
data/raw/EuroSAT_RGB/Industrial/Industrial_2435.jpg,4,4
data/raw/EuroSAT_RGB/HerbaceousVegetation/HerbaceousVegetation_1706.jpg,2,2
data/raw/EuroSAT_RGB/Residential/Residential_37.jpg,7,7
data/raw/EuroSAT_RGB/Pasture/Pasture_441.jpg,5,1
data/raw/EuroSAT_RGB/SeaLake/SeaLake_2221.jpg,9,1
data/raw/EuroSAT_RGB/Forest/Forest_2995.jpg,1,1
data/raw/EuroSAT_RGB/PermanentCrop/PermanentCrop_2023.jpg,6,7
data/raw/EuroSAT_RGB/Forest/Forest_1615.jpg,1,1
data/raw/EuroSAT_RGB/Forest/Forest_1890.jpg,1,1
data/raw/EuroSAT_RGB/River/River_2088.jpg,8,8
data/raw/EuroSAT_RGB/SeaLake/SeaLake_2100.jpg,9,1
data/raw/EuroSAT_RGB/River/River_112.jpg,8,3
data/raw/EuroSAT_RGB/Industrial/Industrial_455.jpg,4,4
data/raw/EuroSAT_RGB/PermanentCrop/PermanentCrop_2430.jpg,6,6
data/raw/EuroSAT_RGB/River/River_1951.jpg,8,8
data/raw/EuroSAT_RGB/Residential/Residential_202.jpg,7,7
data/raw/EuroSAT_RGB/Pasture/Pasture_1820.jpg,5,5
data/raw/EuroSAT_RGB/Highway/Highway_1633.jpg,3,3
data/raw/EuroSAT_RGB/River/River_15.jpg,8,1
data/raw/EuroSAT_RGB/SeaLake/SeaLake_826.jpg,9,1
data/raw/EuroSAT_RGB/River/River_2120.jpg,8,8
data/raw/EuroSAT_RGB/SeaLake/SeaLake_2225.jpg,9,1
data/raw/EuroSAT_RGB/SeaLake/SeaLake_47.jpg,9,1
data/raw/EuroSAT_RGB/Highway/Highway_997.jpg,3,3
data/raw/EuroSAT_RGB/Industrial/Industrial_1098.jpg,4,4
data/raw/EuroSAT_RGB/AnnualCrop/AnnualCrop_1969.jpg,0,0
data/raw/EuroSAT_RGB/HerbaceousVegetation/HerbaceousVegetation_2638.jpg,2,1
data/raw/EuroSAT_RGB/AnnualCrop/AnnualCrop_982.jpg,0,7
data/raw/EuroSAT_RGB/Forest/Forest_266.jpg,1,1
data/raw/EuroSAT_RGB/Residential/Residential_530.jpg,7,7
data/raw/EuroSAT_RGB/Pasture/Pasture_1973.jpg,5,1
data/raw/EuroSAT_RGB/HerbaceousVegetation/HerbaceousVegetation_677.jpg,2,1
data/raw/EuroSAT_RGB/Highway/Highway_1351.jpg,3,3
data/raw/EuroSAT_RGB/AnnualCrop/AnnualCrop_2973.jpg,0,0
data/raw/EuroSAT_RGB/AnnualCrop/AnnualCrop_2533.jpg,0,6
data/raw/EuroSAT_RGB/Forest/Forest_997.jpg,1,1
data/raw/EuroSAT_RGB/SeaLake/SeaLake_891.jpg,9,1
data/raw/EuroSAT_RGB/Pasture/Pasture_1903.jpg,5,7
data/raw/EuroSAT_RGB/AnnualCrop/AnnualCrop_2386.jpg,0,0
data/raw/EuroSAT_RGB/PermanentCrop/PermanentCrop_2191.jpg,6,7
data/raw/EuroSAT_RGB/Highway/Highway_1700.jpg,3,3
data/raw/EuroSAT_RGB/Residential/Residential_1835.jpg,7,7
data/raw/EuroSAT_RGB/Highway/Highway_2087.jpg,3,3
data/raw/EuroSAT_RGB/Forest/Forest_573.jpg,1,1
data/raw/EuroSAT_RGB/HerbaceousVegetation/HerbaceousVegetation_1455.jpg,2,2
data/raw/EuroSAT_RGB/Forest/Forest_1609.jpg,1,1
data/raw/EuroSAT_RGB/SeaLake/SeaLake_2305.jpg,9,1
data/raw/EuroSAT_RGB/Forest/Forest_766.jpg,1,1
data/raw/EuroSAT_RGB/Pasture/Pasture_191.jpg,5,1
data/raw/EuroSAT_RGB/AnnualCrop/AnnualCrop_1926.jpg,0,0
data/raw/EuroSAT_RGB/HerbaceousVegetation/HerbaceousVegetation_2110.jpg,2,7
data/raw/EuroSAT_RGB/Residential/Residential_893.jpg,7,7
data/raw/EuroSAT_RGB/River/River_2174.jpg,8,8
data/raw/EuroSAT_RGB/Residential/Residential_1862.jpg,7,7
data/raw/EuroSAT_RGB/Pasture/Pasture_1812.jpg,5,5
data/raw/EuroSAT_RGB/AnnualCrop/AnnualCrop_843.jpg,0,0
data/raw/EuroSAT_RGB/PermanentCrop/PermanentCrop_595.jpg,6,6
data/raw/EuroSAT_RGB/Forest/Forest_2033.jpg,1,1
data/raw/EuroSAT_RGB/HerbaceousVegetation/HerbaceousVegetation_1889.jpg,2,2
data/raw/EuroSAT_RGB/Forest/Forest_1259.jpg,1,1
data/raw/EuroSAT_RGB/Residential/Residential_581.jpg,7,7
data/raw/EuroSAT_RGB/Residential/Residential_2976.jpg,7,7
data/raw/EuroSAT_RGB/Residential/Residential_643.jpg,7,7
data/raw/EuroSAT_RGB/River/River_1542.jpg,8,7
data/raw/EuroSAT_RGB/Forest/Forest_1363.jpg,1,1
data/raw/EuroSAT_RGB/PermanentCrop/PermanentCrop_313.jpg,6,0
data/raw/EuroSAT_RGB/River/River_2418.jpg,8,7
data/raw/EuroSAT_RGB/Forest/Forest_911.jpg,1,1
data/raw/EuroSAT_RGB/Highway/Highway_1529.jpg,3,3
data/raw/EuroSAT_RGB/PermanentCrop/PermanentCrop_2432.jpg,6,6
data/raw/EuroSAT_RGB/PermanentCrop/PermanentCrop_610.jpg,6,6
data/raw/EuroSAT_RGB/River/River_1975.jpg,8,8
data/raw/EuroSAT_RGB/Residential/Residential_609.jpg,7,7
data/raw/EuroSAT_RGB/Residential/Residential_2410.jpg,7,7
data/raw/EuroSAT_RGB/PermanentCrop/PermanentCrop_1122.jpg,6,6
data/raw/EuroSAT_RGB/Highway/Highway_2119.jpg,3,3
data/raw/EuroSAT_RGB/Forest/Forest_1641.jpg,1,1
data/raw/EuroSAT_RGB/Forest/Forest_784.jpg,1,1
data/raw/EuroSAT_RGB/HerbaceousVegetation/HerbaceousVegetation_723.jpg,2,1
data/raw/EuroSAT_RGB/AnnualCrop/AnnualCrop_2441.jpg,0,0
data/raw/EuroSAT_RGB/PermanentCrop/PermanentCrop_1354.jpg,6,6
data/raw/EuroSAT_RGB/HerbaceousVegetation/HerbaceousVegetation_1556.jpg,2,7
data/raw/EuroSAT_RGB/HerbaceousVegetation/HerbaceousVegetation_1289.jpg,2,1
data/raw/EuroSAT_RGB/Forest/Forest_634.jpg,1,1
data/raw/EuroSAT_RGB/HerbaceousVegetation/HerbaceousVegetation_1840.jpg,2,1
data/raw/EuroSAT_RGB/AnnualCrop/AnnualCrop_1561.jpg,0,0
data/raw/EuroSAT_RGB/Pasture/Pasture_80.jpg,5,7
data/raw/EuroSAT_RGB/Highway/Highway_2046.jpg,3,7
data/raw/EuroSAT_RGB/AnnualCrop/AnnualCrop_2011.jpg,0,0
data/raw/EuroSAT_RGB/Forest/Forest_213.jpg,1,1
data/raw/EuroSAT_RGB/Industrial/Industrial_1836.jpg,4,4
data/raw/EuroSAT_RGB/HerbaceousVegetation/HerbaceousVegetation_544.jpg,2,7
data/raw/EuroSAT_RGB/HerbaceousVegetation/HerbaceousVegetation_2021.jpg,2,7
data/raw/EuroSAT_RGB/PermanentCrop/PermanentCrop_189.jpg,6,6
data/raw/EuroSAT_RGB/Forest/Forest_843.jpg,1,1
data/raw/EuroSAT_RGB/Forest/Forest_261.jpg,1,1
data/raw/EuroSAT_RGB/SeaLake/SeaLake_447.jpg,9,7
data/raw/EuroSAT_RGB/Highway/Highway_2177.jpg,3,3
data/raw/EuroSAT_RGB/Highway/Highway_1967.jpg,3,3
data/raw/EuroSAT_RGB/Highway/Highway_16.jpg,3,3
data/raw/EuroSAT_RGB/HerbaceousVegetation/HerbaceousVegetation_2944.jpg,2,2
data/raw/EuroSAT_RGB/Forest/Forest_2626.jpg,1,1
data/raw/EuroSAT_RGB/Pasture/Pasture_1278.jpg,5,1
data/raw/EuroSAT_RGB/Pasture/Pasture_1059.jpg,5,1
data/raw/EuroSAT_RGB/Industrial/Industrial_450.jpg,4,4
data/raw/EuroSAT_RGB/PermanentCrop/PermanentCrop_867.jpg,6,2
data/raw/EuroSAT_RGB/Residential/Residential_1523.jpg,7,7
data/raw/EuroSAT_RGB/River/River_1961.jpg,8,8
data/raw/EuroSAT_RGB/Highway/Highway_113.jpg,3,3
data/raw/EuroSAT_RGB/Residential/Residential_2331.jpg,7,7
data/raw/EuroSAT_RGB/River/River_585.jpg,8,2
data/raw/EuroSAT_RGB/Residential/Residential_42.jpg,7,7
data/raw/EuroSAT_RGB/Forest/Forest_2482.jpg,1,1
data/raw/EuroSAT_RGB/AnnualCrop/AnnualCrop_1683.jpg,0,0
data/raw/EuroSAT_RGB/Industrial/Industrial_492.jpg,4,4
data/raw/EuroSAT_RGB/HerbaceousVegetation/HerbaceousVegetation_2723.jpg,2,1
data/raw/EuroSAT_RGB/River/River_1047.jpg,8,8
data/raw/EuroSAT_RGB/PermanentCrop/PermanentCrop_1131.jpg,6,6
data/raw/EuroSAT_RGB/Residential/Residential_2004.jpg,7,7
data/raw/EuroSAT_RGB/Forest/Forest_2458.jpg,1,1
data/raw/EuroSAT_RGB/HerbaceousVegetation/HerbaceousVegetation_1936.jpg,2,2
data/raw/EuroSAT_RGB/SeaLake/SeaLake_2895.jpg,9,1
data/raw/EuroSAT_RGB/Highway/Highway_218.jpg,3,7
data/raw/EuroSAT_RGB/Forest/Forest_1486.jpg,1,1
data/raw/EuroSAT_RGB/SeaLake/SeaLake_382.jpg,9,1
data/raw/EuroSAT_RGB/Pasture/Pasture_1057.jpg,5,1
data/raw/EuroSAT_RGB/PermanentCrop/PermanentCrop_1329.jpg,6,6
data/raw/EuroSAT_RGB/Forest/Forest_544.jpg,1,1
data/raw/EuroSAT_RGB/HerbaceousVegetation/HerbaceousVegetation_1552.jpg,2,2
data/raw/EuroSAT_RGB/PermanentCrop/PermanentCrop_828.jpg,6,7
data/raw/EuroSAT_RGB/Forest/Forest_1898.jpg,1,1
data/raw/EuroSAT_RGB/HerbaceousVegetation/HerbaceousVegetation_1340.jpg,2,1
data/raw/EuroSAT_RGB/Forest/Forest_2316.jpg,1,1
data/raw/EuroSAT_RGB/Industrial/Industrial_2017.jpg,4,7
data/raw/EuroSAT_RGB/Residential/Residential_562.jpg,7,7
data/raw/EuroSAT_RGB/HerbaceousVegetation/HerbaceousVegetation_852.jpg,2,7
data/raw/EuroSAT_RGB/SeaLake/SeaLake_444.jpg,9,1
data/raw/EuroSAT_RGB/Forest/Forest_1189.jpg,1,1
data/raw/EuroSAT_RGB/Residential/Residential_1820.jpg,7,7
data/raw/EuroSAT_RGB/Forest/Forest_759.jpg,1,1
data/raw/EuroSAT_RGB/SeaLake/SeaLake_157.jpg,9,1
data/raw/EuroSAT_RGB/Industrial/Industrial_1641.jpg,4,4
data/raw/EuroSAT_RGB/AnnualCrop/AnnualCrop_1184.jpg,0,0
data/raw/EuroSAT_RGB/River/River_105.jpg,8,8
data/raw/EuroSAT_RGB/Industrial/Industrial_1502.jpg,4,4
data/raw/EuroSAT_RGB/PermanentCrop/PermanentCrop_203.jpg,6,7
data/raw/EuroSAT_RGB/AnnualCrop/AnnualCrop_480.jpg,0,0
data/raw/EuroSAT_RGB/Forest/Forest_1697.jpg,1,1
data/raw/EuroSAT_RGB/AnnualCrop/AnnualCrop_1180.jpg,0,1
data/raw/EuroSAT_RGB/HerbaceousVegetation/HerbaceousVegetation_2854.jpg,2,7
data/raw/EuroSAT_RGB/River/River_321.jpg,8,8
data/raw/EuroSAT_RGB/Residential/Residential_1622.jpg,7,7
data/raw/EuroSAT_RGB/SeaLake/SeaLake_2976.jpg,9,1
data/raw/EuroSAT_RGB/SeaLake/SeaLake_1128.jpg,9,1
data/raw/EuroSAT_RGB/SeaLake/SeaLake_4.jpg,9,1
data/raw/EuroSAT_RGB/HerbaceousVegetation/HerbaceousVegetation_1200.jpg,2,2
data/raw/EuroSAT_RGB/Pasture/Pasture_9.jpg,5,7
data/raw/EuroSAT_RGB/Forest/Forest_990.jpg,1,1
data/raw/EuroSAT_RGB/River/River_1456.jpg,8,8
data/raw/EuroSAT_RGB/PermanentCrop/PermanentCrop_1479.jpg,6,7
data/raw/EuroSAT_RGB/River/River_1023.jpg,8,7
data/raw/EuroSAT_RGB/Pasture/Pasture_27.jpg,5,1
data/raw/EuroSAT_RGB/Industrial/Industrial_1556.jpg,4,4
data/raw/EuroSAT_RGB/Forest/Forest_1252.jpg,1,1
data/raw/EuroSAT_RGB/Forest/Forest_1551.jpg,1,1
data/raw/EuroSAT_RGB/Residential/Residential_593.jpg,7,7
data/raw/EuroSAT_RGB/HerbaceousVegetation/HerbaceousVegetation_1631.jpg,2,1
data/raw/EuroSAT_RGB/Industrial/Industrial_273.jpg,4,4
data/raw/EuroSAT_RGB/Forest/Forest_1229.jpg,1,7
data/raw/EuroSAT_RGB/HerbaceousVegetation/HerbaceousVegetation_1491.jpg,2,7
data/raw/EuroSAT_RGB/SeaLake/SeaLake_2722.jpg,9,7
data/raw/EuroSAT_RGB/River/River_840.jpg,8,8
data/raw/EuroSAT_RGB/HerbaceousVegetation/HerbaceousVegetation_2151.jpg,2,7
data/raw/EuroSAT_RGB/Industrial/Industrial_701.jpg,4,4
data/raw/EuroSAT_RGB/Forest/Forest_132.jpg,1,1
data/raw/EuroSAT_RGB/AnnualCrop/AnnualCrop_1287.jpg,0,0
data/raw/EuroSAT_RGB/Highway/Highway_1643.jpg,3,3
data/raw/EuroSAT_RGB/Residential/Residential_26.jpg,7,7
data/raw/EuroSAT_RGB/HerbaceousVegetation/HerbaceousVegetation_2543.jpg,2,7
data/raw/EuroSAT_RGB/Residential/Residential_1795.jpg,7,7
data/raw/EuroSAT_RGB/Forest/Forest_2570.jpg,1,1
data/raw/EuroSAT_RGB/SeaLake/SeaLake_1280.jpg,9,1
data/raw/EuroSAT_RGB/AnnualCrop/AnnualCrop_2517.jpg,0,0
